코드,종목명,상장일,수정공모가,상장일종가,6M종가,12M종가,18M종가,24M종가,상장일수익률_수정공모가(%),6M수익률_수정공모가(%),12M수익률_수정공모가(%),18M수익률_수정공모가(%),24M수익률_수정공모가(%),6M수익률_종가(%),12M수익률_종가(%),18M수익률_종가(%),24M수익률_종가(%),최종일,최종일종가,최종일수익률_수정공모가(%),최종일수익률_종가(%),기관_6M순매수,기관_12M순매수,기관_18M순매수,기관_24M순매수,외국인총합계_6M순매수,외국인총합계_12M순매수,외국인총합계_18M순매수,외국인총합계_24M순매수,개인_6M순매수,개인_12M순매수,개인_18M순매수,개인_24M순매수,금융투자_6M순매수,금융투자_12M순매수,금융투자_18M순매수,금융투자_24M순매수,보험_6M순매수,보험_12M순매수,보험_18M순매수,보험_24M순매수,투신_6M순매수,투신_12M순매수,투신_18M순매수,투신_24M순매수,사모펀드_6M순매수,사모펀드_12M순매수,사모펀드_18M순매수,사모펀드_24M순매수,은행_6M순매수,은행_12M순매수,은행_18M순매수,은행_24M순매수,연기금_6M순매수,연기금_12M순매수,연기금_18M순매수,연기금_24M순매수,기타금융기관_6M순매수,기타금융기관_12M순매수,기타금융기관_18M순매수,기타금융기관_24M순매수,"국가,지자체_6M순매수","국가,지자체_12M순매수","국가,지자체_18M순매수","국가,지자체_24M순매수",기타법인_6M순매수,기타법인_12M순매수,기타법인_18M순매수,기타법인_24M순매수
A236810,엔비티,2021-01-21,9500.0,18250.0,13300.0,12500.0,7970.0,,92.1,40.0,31.6,-16.1,,-27.1,-31.5,-56.3,,2023-01-20,6500.0,-31.6,-64.4,-569.5,-703.2,-661.4,,-61.1,-60.0,-60.6,,1028.3,1176.4,1113.2,,-121.7,-132.6,-45.0,,29.7,-0.7,-0.7,,50.3,9.7,55.5,,-254.3,-291.9,-407.7,,-25.2,-24.4,-24.4,,16.9,28.4,13.2,,-265.1,-291.7,-252.3,,0.0,0.0,0.0,,-397.7,-413.3,-391.2,
A086710,선진뷰티사이언스,2021-01-27,5764.0,14986.0,9473.0,6215.0,6170.0,6950.0,160.0,64.3,7.8,7.0,20.6,-36.8,-58.5,-58.8,-53.6,2023-01-27,6950.0,20.6,-53.6,-186.5,-194.0,-179.1,-173.5,-105.8,-102.9,-100.8,-93.5,297.7,302.5,284.8,261.4,-30.4,-30.6,-31.9,-30.5,0.0,0.0,0.7,0.7,-14.5,-18.1,-6.2,-2.1,-140.3,-142.6,-140.9,-140.7,-0.2,-0.2,-0.2,-0.2,1.8,0.3,2.2,2.2,-2.9,-2.9,-2.9,-2.9,0.0,0.0,0.0,0.0,-5.4,-5.6,-4.9,5.5
A348030,모비릭스,2021-01-28,14000.0,36400.0,22700.0,17650.0,19150.0,,160.0,62.1,26.1,36.8,,-37.6,-51.5,-47.4,,2023-01-27,12180.0,-13.0,-66.5,-342.4,-335.5,-341.7,,-42.0,-27.2,-35.5,,559.0,543.8,609.7,,-70.5,-70.0,-73.3,,-0.4,0.4,-0.3,,-35.6,-31.7,-30.9,,-228.5,-227.0,-230.0,,-0.4,-0.4,-0.4,,-0.6,-0.3,-0.3,,-6.5,-6.4,-6.4,,0.0,0.0,0.0,,-174.5,-181.0,-232.5,
A352700,씨앤투스,2021-01-28,10863.0,9743.0,6875.0,5980.0,5700.0,,-10.3,-36.7,-45.0,-47.5,,-29.4,-38.6,-41.5,,2023-01-27,4335.0,-60.1,-55.5,-254.7,-494.2,-458.4,,30.9,84.5,5.0,,687.6,861.5,903.2,,-30.5,-34.6,-29.5,,2.5,0.4,0.4,,-57.6,-66.2,-57.8,,-167.0,-216.8,-194.5,,-0.4,-0.4,-0.4,,6.5,-0.7,-0.7,,-8.2,-175.9,-175.9,,0.0,0.0,0.0,,-463.8,-451.8,-449.8,
A163730,핑거,2021-01-29,16000.0,29100.0,23650.0,19700.0,12200.0,,81.9,47.8,23.1,-23.8,,-18.7,-32.3,-58.1,,2023-01-27,12700.0,-20.6,-56.4,-532.4,-526.2,-527.2,,1.8,6.4,9.0,,795.9,886.2,885.4,,-65.3,-67.3,-66.6,,-2.5,-2.5,-2.5,,-44.5,-43.9,-42.8,,-174.6,-166.9,-169.7,,-0.8,-0.8,-0.8,,-4.0,-4.0,-4.0,,-240.8,-240.8,-240.8,,0.0,0.0,0.0,,-265.3,-366.4,-367.2,
A277810,레인보우로보틱스,2021-02-03,10000.0,26000.0,22000.0,22050.0,28050.0,79200.0,160.0,120.0,120.5,180.5,692.0,-15.4,-15.2,7.9,204.6,2023-02-03,79200.0,692.0,204.6,-491.0,-518.6,-431.0,-1066.6,19.8,14.5,83.0,82.7,921.1,951.1,795.7,1515.0,-105.7,-104.0,-97.7,-196.4,1.0,5.6,17.9,-12.5,-40.8,-58.6,-14.6,-232.4,-274.3,-290.9,-285.0,-386.7,-0.4,-0.7,-0.7,-14.8,3.1,3.8,33.9,-25.0,-73.8,-73.9,-84.8,-198.7,0.0,0.0,0.0,0.0,-449.9,-447.0,-447.7,-531.1
A321820,아티스트컴퍼니,2021-02-03,16000.0,20000.0,24700.0,15750.0,7720.0,7370.0,25.0,54.4,-1.6,-51.8,-53.9,23.5,-21.3,-61.4,-63.1,2023-02-03,7370.0,-53.9,-63.1,-186.8,-152.6,-146.0,-151.7,-12.1,-15.4,-10.2,-12.6,406.1,389.3,382.2,390.3,-77.2,-73.6,-68.0,-72.9,8.6,16.7,18.8,19.3,46.2,72.4,94.9,97.9,-214.3,-220.2,-224.2,-228.5,0.9,0.9,0.9,0.9,61.1,63.0,43.5,43.5,-12.2,-11.8,-12.0,-12.0,0.0,0.0,0.0,0.0,-207.2,-221.2,-226.0,-226.0
A262840,아이퀘스트,2021-02-05,10275.0,18682.0,12236.0,9079.0,9014.0,,81.8,19.1,-11.6,-12.3,,-34.5,-51.4,-51.8,,2023-02-03,7267.0,-29.3,-61.1,-276.9,-307.1,-329.9,,-45.6,-36.2,-44.2,,358.0,405.6,435.9,,-33.6,-49.6,-49.7,,-0.8,-0.9,-0.9,,-36.9,-36.6,-39.4,,-101.3,-115.8,-125.0,,-0.4,-0.4,-0.4,,-0.6,-0.6,-0.6,,-103.2,-103.2,-113.8,,0.0,0.0,0.0,,-35.5,-62.3,-61.9,
A322310,오로스테크놀로지,2021-02-24,21000.0,54600.0,29700.0,21250.0,13850.0,18900.0,160.0,41.4,1.2,-34.0,-10.0,-45.6,-61.1,-74.6,-65.4,2023-02-24,18900.0,-10.0,-65.4,-562.4,-528.3,-543.1,-565.6,16.6,66.3,52.5,21.4,709.5,630.6,654.0,731.2,-159.6,-180.0,-163.6,-166.8,0.8,1.7,1.4,1.4,-69.0,-32.3,-43.2,-45.1,-233.5,-218.7,-231.4,-237.9,-17.4,-17.5,-18.6,-18.6,2.5,16.8,11.0,11.0,-86.2,-98.3,-98.7,-109.7,0.0,0.0,0.0,0.0,-163.6,-168.6,-163.4,-187.0
A340930,유일에너테크,2021-02-25,3602.0,7766.0,3939.0,4502.0,4119.0,,115.6,9.4,25.0,14.4,,-49.3,-42.0,-47.0,,2023-02-24,3748.0,4.1,-51.7,-491.7,-673.5,-674.9,,0.5,11.2,9.7,,558.7,723.4,708.8,,-102.4,-135.4,-137.9,,-2.1,-0.5,-0.5,,-33.7,-70.2,-78.8,,-316.0,-373.1,-362.7,,-0.8,2.4,1.5,,-1.1,-1.1,-1.1,,-35.6,-95.5,-95.5,,0.0,0.0,0.0,,-67.4,-61.1,-43.6,
A338220,뷰노,2021-02-26,21000.0,32150.0,22550.0,9940.0,6780.0,,53.1,7.4,-52.7,-67.7,,-29.9,-69.1,-78.9,,2023-02-24,14770.0,-29.7,-54.1,-518.6,-665.0,-672.8,,30.9,72.8,18.6,,698.2,842.6,911.6,,-36.5,-35.3,-34.1,,-0.2,-0.2,-0.2,,-37.6,-40.8,-42.8,,-165.7,-152.7,-154.1,,-67.3,-67.3,-67.3,,-0.8,-0.8,-1.4,,-210.5,-367.9,-372.9,,0.0,0.0,0.0,,-210.5,-250.4,-257.4,
A247660,나노씨엠에스,2021-03-09,20000.0,23950.0,64600.0,46800.0,24800.0,16730.0,19.8,223.0,134.0,24.0,-16.3,169.7,95.4,3.5,-30.1,2023-03-09,16730.0,-16.3,-30.1,-276.9,-325.7,-327.4,-327.4,-1.5,-34.7,-33.4,-36.4,376.0,435.3,443.0,445.7,-29.2,-77.7,-78.1,-78.0,-0.3,-0.3,-0.3,-0.3,-59.5,-60.2,-61.5,-61.6,-116.9,-116.4,-116.5,-116.5,-0.3,-0.3,-0.3,-0.3,-0.2,-0.2,-0.2,-0.2,-70.6,-70.6,-70.6,-70.6,0.0,0.0,0.0,0.0,-97.6,-74.9,-82.1,-81.9
A334970,프레스티지바이오로직스,2021-03-11,12400.0,14300.0,15000.0,7250.0,4925.0,,15.3,21.0,-41.5,-60.3,,4.9,-49.3,-65.6,,2023-03-10,3535.0,-71.5,-75.3,-800.1,-1019.5,-1069.2,,-151.9,-142.3,-137.1,,1245.3,1464.4,1561.6,,-140.2,-157.6,-158.4,,-7.7,-8.4,-8.4,,-246.4,-319.6,-327.4,,-332.2,-441.0,-470.2,,-25.7,-25.7,-25.7,,32.8,13.5,13.5,,-80.7,-80.7,-92.6,,0.0,0.0,0.0,,-293.3,-302.6,-355.2,
A356890,싸이버원,2021-03-11,3800.0,8480.0,5280.0,4940.0,4140.0,,123.2,38.9,30.0,8.9,,-37.7,-41.7,-51.2,,2023-03-10,4760.0,25.3,-43.9,-183.0,-188.8,-190.2,,-6.3,-8.4,-9.6,,237.9,245.7,249.7,,-37.4,-38.3,-38.3,,-0.4,-0.4,-0.4,,-10.7,-11.8,-11.9,,-125.8,-129.6,-131.0,,-0.2,-0.2,-0.2,,-0.4,-0.4,-0.4,,-7.9,-7.9,-7.9,,0.0,0.0,0.0,,-48.6,-48.5,-49.9,
A950220,네오이뮨텍,2021-03-16,32237.0,61680.0,41220.0,32237.0,18053.0,14206.0,91.3,27.9,0.0,-44.0,-55.9,-33.2,-47.7,-70.7,-77.0,2023-03-16,14206.0,-55.9,-77.0,-892.0,-2091.8,-2165.4,-2324.0,-291.5,-191.4,-375.3,-325.5,2260.9,3627.3,3907.3,3995.4,-201.2,-205.2,-261.5,-372.2,17.5,7.3,3.4,3.4,-57.3,-285.9,-326.2,-327.3,-456.7,-1447.0,-1380.5,-1420.7,-5.9,-1.3,-1.3,-1.3,88.0,123.5,83.8,77.9,-276.4,-283.3,-283.1,-283.8,0.0,0.0,0.0,0.0,-1077.4,-1344.1,-1366.5,-1345.8
A314930,바이오다인,2021-03-17,6235.0,8854.0,8365.0,6110.0,5653.0,6058.0,42.0,34.2,-2.0,-9.3,-2.8,-5.5,-31.0,-36.2,-31.6,2023-03-17,6058.0,-2.8,-31.6,-474.4,-550.4,-555.4,-557.3,-0.4,-21.4,-24.2,-22.2,685.4,775.8,779.0,779.9,-180.6,-242.7,-243.6,-243.3,-2.9,-2.9,-2.9,-2.9,-60.1,-64.8,-64.7,-65.2,-217.7,-226.9,-231.0,-232.8,-1.4,-1.4,-1.4,-1.4,-3.1,-3.1,-3.1,-3.1,-8.6,-8.6,-8.6,-8.6,0.0,0.0,0.0,0.0,-210.6,-204.0,-199.5,-200.4
A347700,스피어,2021-03-23,11179.0,15651.0,10687.0,7575.0,4364.0,5053.0,40.0,-4.4,-32.2,-61.0,-54.8,-31.7,-51.6,-72.1,-67.7,2023-03-23,5053.0,-54.8,-67.7,-332.0,-337.6,-338.0,-338.9,-9.5,-11.8,-16.0,-10.4,613.2,621.0,626.1,626.9,-90.1,-92.2,-91.8,-91.9,-0.1,-0.1,-0.1,-0.1,-16.6,-19.4,-19.2,-19.9,-181.5,-182.3,-183.3,-183.4,-0.1,-0.1,-0.1,-0.1,0.4,0.4,0.4,0.4,-43.9,-43.9,-43.9,-43.9,0.0,0.0,0.0,0.0,-271.7,-271.6,-272.1,-277.6
A289220,자이언트스텝,2021-03-24,5354.0,13921.0,35338.0,50400.0,18800.0,20400.0,160.0,560.0,841.4,251.1,281.0,153.8,262.0,35.0,46.5,2023-03-24,20400.0,281.0,46.5,-742.1,-1106.5,-1231.3,-1261.7,-68.9,250.2,180.0,148.1,977.9,1039.2,1219.1,1454.0,-258.2,-31.7,-52.1,-66.8,-2.7,-3.1,-4.3,-3.7,-36.0,-420.9,-474.5,-489.3,-165.4,-318.6,-352.4,-350.7,0.6,2.2,-0.7,-0.7,0.5,-52.4,-85.7,-89.6,-280.9,-282.0,-261.6,-261.0,0.0,0.0,0.0,0.0,-166.8,-182.9,-167.8,-340.5
A361390,제노코,2021-03-24,12009.0,26719.0,21282.0,27200.0,20000.0,23400.0,122.5,77.2,126.5,66.5,94.9,-20.3,1.8,-25.1,-12.4,2023-03-24,23400.0,94.9,-12.4,-138.1,-155.7,-139.8,-135.6,-21.2,-37.6,-80.1,-78.8,529.7,559.9,596.4,591.6,-33.6,-37.2,-30.0,-28.7,-0.4,-0.4,4.1,2.0,-12.1,-12.2,-8.1,-11.8,-83.8,-97.7,-104.2,-96.6,-0.7,-0.7,2.5,3.8,-0.4,-0.4,3.0,2.6,-7.2,-7.2,-7.2,-6.8,0.0,0.0,0.0,0.0,-370.5,-366.6,-376.6,-377.2
A333620,엔시스,2021-04-01,19000.0,31400.0,22200.0,19300.0,12250.0,,65.3,16.8,1.6,-35.5,,-29.3,-38.5,-61.0,,2023-03-31,13900.0,-26.8,-55.7,-688.5,-708.3,-722.5,,-104.5,-96.5,-98.4,,812.1,823.5,834.7,,-83.3,-86.4,-71.9,,-1.4,-1.4,-1.4,,-100.8,-98.6,-108.7,,-224.3,-242.4,-260.9,,-0.1,-0.3,-0.3,,-0.9,-1.7,-1.7,,-277.6,-277.6,-277.6,,0.0,0.0,0.0,,-19.1,-18.7,-13.8,
A059270,해성에어로보틱스,2021-04-21,6500.0,16900.0,11000.0,8600.0,7670.0,7330.0,160.0,69.2,32.3,18.0,12.8,-34.9,-49.1,-54.6,-56.6,2023-04-21,7330.0,12.8,-56.6,-146.3,-164.5,-164.7,-195.1,-26.2,-29.0,-33.3,-36.2,203.4,275.9,374.1,407.2,-26.1,-40.1,-40.7,-40.9,-0.2,-0.2,-0.2,-0.2,-20.0,-22.5,-23.7,-35.4,-96.9,-98.5,-96.9,-115.4,-0.1,-0.1,-0.1,-0.1,-0.2,-0.2,-0.2,-0.2,-2.8,-2.9,-2.9,-2.9,0.0,0.0,0.0,0.0,-30.9,-82.5,-176.2,-176.0
A351330,이삭엔지니어링,2021-04-21,11500.0,26150.0,12750.0,12350.0,8080.0,11520.0,127.4,10.9,7.4,-29.7,0.2,-51.2,-52.8,-69.1,-55.9,2023-04-21,11520.0,0.2,-55.9,-242.0,-254.9,-255.8,-322.3,-58.7,-59.6,-59.9,-62.2,311.9,324.9,326.1,394.3,-69.7,-71.3,-70.9,-71.9,-1.1,-1.1,-1.1,-1.1,-24.1,-26.9,-26.1,-28.1,-136.1,-144.6,-146.8,-210.3,-0.7,-0.7,-0.7,-0.7,-1.4,-1.4,-1.4,-1.4,-8.8,-8.8,-8.8,-8.8,0.0,0.0,0.0,0.0,-11.2,-10.5,-10.5,-9.8
A294570,쿠콘,2021-04-28,36019.0,52428.0,66756.0,47800.0,26700.0,28350.0,45.6,85.3,32.7,-25.9,-21.3,27.3,-8.8,-49.1,-45.9,2023-04-28,28350.0,-21.3,-45.9,-52.6,-315.0,-387.1,-394.6,298.3,318.4,202.4,130.7,-136.0,111.6,297.8,350.3,-96.4,-117.9,-113.2,-118.7,32.6,28.2,21.2,20.7,130.7,153.0,119.2,115.0,-119.8,-389.2,-394.3,-393.1,3.8,1.1,-1.1,-1.1,116.6,123.5,94.5,96.8,-120.1,-113.6,-113.4,-114.1,0.0,0.0,0.0,0.0,-109.8,-115.0,-113.1,-86.5
A357230,에이치피오,2021-05-14,10608.0,8004.0,7168.0,5639.0,3837.0,,-24.5,-32.4,-46.8,-63.8,,-10.4,-29.5,-52.1,,2023-05-12,4005.0,-62.2,-50.0,-378.4,-438.2,-478.2,,106.4,105.7,60.2,,350.9,392.5,439.8,,-16.5,-28.7,-29.4,,51.2,43.3,25.3,,-61.4,-67.3,-72.8,,-170.2,-197.0,-209.1,,2.6,2.6,2.6,,8.5,0.0,-2.0,,-192.7,-191.1,-192.7,,0.0,0.0,0.0,,-78.9,-60.0,-21.9,
A352480,씨앤씨인터내셔널,2021-05-17,31703.0,27465.0,19100.0,22350.0,22900.0,44650.0,-13.4,-39.8,-29.5,-27.8,40.8,-30.5,-18.6,-16.6,62.6,2023-05-17,44650.0,40.8,62.6,-149.1,-119.1,-92.5,175.7,-45.3,-51.8,-48.5,-2.8,199.2,174.0,142.3,24.7,-37.1,-37.2,-38.5,-12.3,0.9,9.2,19.4,48.6,4.8,23.4,20.1,10.6,-158.1,-154.8,-154.9,-41.2,-1.4,-1.4,-1.5,-1.9,50.9,49.9,70.8,220.9,-9.1,-8.2,-8.1,-49.1,0.0,0.0,0.0,0.0,-4.9,-3.1,-1.3,-197.6
A252990,샘씨엔에스,2021-05-20,6500.0,8320.0,6540.0,6480.0,3980.0,,28.0,0.6,-0.3,-38.8,,-21.4,-22.1,-52.2,,2023-05-19,4970.0,-23.5,-40.3,-423.3,-435.9,-459.3,,8.5,-19.6,-21.1,,435.3,473.8,500.4,,-42.6,-35.8,-28.0,,-9.9,-9.9,-9.9,,-94.5,-109.8,-118.0,,-257.5,-261.2,-284.3,,-1.6,-1.6,-1.6,,-7.9,-7.8,-7.8,,-9.3,-9.8,-9.8,,0.0,0.0,0.0,,-20.5,-18.3,-20.0,
A361670,삼영에스앤씨,2021-05-21,11000.0,28600.0,13400.0,8430.0,7280.0,,160.0,21.8,-23.4,-33.8,,-53.1,-70.5,-74.5,,2023-05-19,7290.0,-33.7,-74.5,-311.9,-316.7,-321.3,,-16.1,-14.2,-16.0,,436.8,436.5,445.0,,-36.1,-37.3,-37.3,,-0.2,-0.2,-0.2,,-22.1,-22.8,-26.0,,-67.9,-70.7,-72.2,,-61.2,-61.2,-61.2,,-0.2,-0.2,-0.2,,-124.2,-124.2,-124.2,,0.0,0.0,0.0,,-108.8,-105.7,-107.6,
A276730,한울앤제주,2021-05-26,193345.0,296060.0,155885.0,157697.0,115705.0,96612.0,53.1,-19.4,-18.4,-40.2,-50.0,-47.3,-46.7,-60.9,-67.4,2023-05-26,96612.0,-50.0,-67.4,-431.1,-431.7,-433.0,-434.4,-21.9,-26.2,-29.1,-14.8,1016.3,1093.8,1158.5,1148.5,-79.9,-79.6,-79.8,-80.7,-4.3,-4.3,-4.3,-4.3,-56.5,-56.5,-57.8,-57.9,-142.2,-143.0,-142.8,-143.2,-113.8,-113.8,-113.8,-113.8,-1.8,-1.8,-1.8,-1.8,-32.6,-32.6,-32.6,-32.6,0.0,0.0,0.0,0.0,-563.2,-635.9,-696.3,-699.3
A363250,진시스템,2021-05-26,20000.0,17400.0,11950.0,10850.0,6150.0,21200.0,-13.0,-40.2,-45.8,-69.2,6.0,-31.3,-37.6,-64.7,21.8,2023-05-26,21200.0,6.0,21.8,-164.8,-155.6,-152.7,-65.2,-20.1,-14.1,-18.1,-15.2,302.4,310.6,309.0,252.3,-28.3,-39.8,-40.8,21.2,-0.7,-0.7,-0.7,0.4,-23.3,-20.3,-9.1,-31.9,-83.8,-66.0,-73.4,31.9,-14.7,-14.7,-14.7,-14.7,-0.4,-0.4,-0.4,13.5,-13.7,-13.7,-13.7,-85.7,0.0,0.0,0.0,0.0,-117.5,-141.0,-138.2,-171.9
A187660,페니트리움바이오,2021-06-03,1874.0,4872.0,2446.0,1997.0,1050.0,,160.0,30.5,6.6,-44.0,,-49.8,-59.0,-78.4,,2023-06-02,984.0,-47.5,-79.8,-286.6,-280.2,-272.1,,-7.7,-16.4,-7.2,,365.7,369.7,352.4,,-34.0,-21.7,-14.7,,-0.5,-0.5,-0.5,,-11.7,-13.2,-11.4,,-114.4,-118.7,-119.4,,-64.2,-64.2,-64.2,,-0.2,-0.2,-0.2,,-61.6,-61.6,-61.6,,0.0,0.0,0.0,,-71.4,-73.1,-73.1,
A376190,LB루셈,2021-06-11,14000.0,15200.0,11250.0,8950.0,6960.0,,8.6,-19.6,-36.1,-50.3,,-26.0,-41.1,-54.2,,2023-06-09,8200.0,-41.4,-46.1,-566.1,-584.8,-587.1,,-48.0,-67.4,-67.1,,642.3,681.4,684.2,,-89.3,-94.2,-93.9,,-0.6,-0.9,-0.9,,-86.3,-93.6,-95.7,,-382.0,-388.2,-388.6,,-0.4,-0.4,-0.4,,-0.7,-0.8,-0.8,,-6.9,-6.9,-6.9,,0.0,0.0,0.0,,-28.1,-29.3,-29.9,
A303530,이노뎁,2021-06-18,18000.0,18050.0,25750.0,14100.0,13350.0,,0.3,43.1,-21.7,-25.8,,42.7,-21.9,-26.0,,2023-06-16,13860.0,-23.0,-23.2,-250.7,-247.9,-226.0,,-26.0,-31.5,-34.0,,512.5,516.2,498.4,,-64.7,-66.1,-38.4,,-0.2,0.2,0.2,,-9.9,-9.3,-11.8,,-81.1,-78.3,-81.5,,-23.3,-23.1,-23.1,,-0.1,0.2,0.2,,-71.6,-71.6,-71.6,,0.0,0.0,0.0,,-235.8,-236.8,-238.4,
A357580,아모센스,2021-06-25,12400.0,15900.0,22200.0,13450.0,12150.0,,28.2,79.0,8.5,-2.0,,39.6,-15.4,-23.6,,2023-06-23,16140.0,30.2,1.5,-275.7,-276.0,-274.6,,-86.4,-85.8,-92.8,,496.6,488.6,498.7,,-54.3,-54.9,-55.6,,-3.0,-3.0,-1.9,,-79.3,-76.2,-71.7,,-102.5,-105.4,-109.0,,-1.1,-1.1,-1.1,,-4.5,-4.5,-4.5,,-31.0,-31.0,-31.0,,0.0,0.0,0.0,,-134.5,-126.7,-131.3,
A352910,오비고,2021-07-13,14300.0,20700.0,19550.0,10600.0,10850.0,10730.0,44.8,36.7,-25.9,-24.1,-25.0,-5.6,-48.8,-47.6,-48.2,2023-07-13,10730.0,-25.0,-48.2,-570.4,-557.7,-618.5,-625.0,-35.3,-40.9,-42.5,-55.8,768.1,756.4,816.0,850.9,-51.5,-50.9,-73.3,-73.8,1.5,13.1,2.3,3.4,-34.6,-26.2,-41.5,-42.0,-314.8,-315.3,-332.8,-337.6,-0.8,-0.8,-0.8,-0.8,7.5,0.1,5.4,4.0,-177.7,-177.7,-177.7,-178.3,0.0,0.0,0.0,0.0,-162.4,-157.8,-155.1,-170.1
A365270,큐라클,2021-07-22,21919.0,26873.0,16001.0,16045.0,9986.0,,22.6,-27.0,-26.8,-54.4,,-40.5,-40.3,-62.8,,2023-07-21,13958.0,-36.3,-48.1,-1338.1,-1386.8,-1400.8,,-52.1,-75.3,-71.1,,1827.0,1906.2,1917.6,,-107.5,-134.0,-136.3,,-1.3,-1.3,-1.3,,-76.9,-88.8,-91.4,,-273.5,-268.3,-269.3,,-122.0,-122.0,-122.0,,25.9,10.4,10.4,,-782.8,-782.8,-790.9,,0.0,0.0,0.0,,-436.7,-444.1,-445.7,
A377030,비트맥스,2021-07-27,27082.0,70413.0,76823.0,65723.0,55458.0,29132.0,160.0,183.7,142.7,104.8,7.6,9.1,-6.7,-21.2,-58.6,2023-07-27,29132.0,7.6,-58.6,-816.9,-1039.6,-1115.8,-1122.7,0.8,103.1,56.8,59.9,2117.5,2243.0,2424.6,2416.4,-459.2,-569.4,-628.3,-633.4,0.4,1.1,0.5,0.5,129.0,103.1,83.4,84.9,-278.9,-357.1,-353.7,-356.9,0.3,0.1,0.1,-0.1,-0.8,-9.7,-9.7,-9.7,-207.7,-207.9,-208.0,-208.0,0.0,0.0,0.0,0.0,-1301.4,-1306.5,-1365.5,-1353.6
A195940,HK이노엔,2021-08-09,59000.0,68500.0,41200.0,43950.0,40100.0,36250.0,16.1,-30.2,-25.5,-32.0,-38.6,-39.9,-35.8,-41.5,-47.1,2023-08-09,36250.0,-38.6,-47.1,-2195.2,-2095.0,-1681.2,-1495.0,-391.1,-396.3,13.8,-412.7,3468.8,4593.4,3924.2,4170.4,-170.5,36.3,35.2,-10.8,-1.1,63.9,85.3,97.1,-449.1,-452.6,-350.3,-331.8,-1709.1,-1958.9,-1907.4,-1875.1,-0.5,-0.2,1.3,0.8,149.4,222.7,457.6,624.7,-14.3,-6.2,-2.8,0.1,0.0,0.0,0.0,0.0,-882.4,-2102.0,-2256.9,-2262.7
A376980,원티드랩,2021-08-11,17500.0,45500.0,28950.0,23100.0,15620.0,10900.0,160.0,65.4,32.0,-10.7,-37.7,-36.4,-49.2,-65.7,-76.0,2023-08-11,10900.0,-37.7,-76.0,-336.9,-370.9,-463.6,-439.2,-46.6,-18.2,-23.1,-13.5,995.1,1001.5,1097.0,1059.9,-130.6,-133.8,-139.4,-81.5,41.3,72.6,57.2,44.4,203.4,264.7,241.0,234.8,-136.6,-152.6,-173.5,-186.9,-172.6,-172.5,-169.8,-170.2,131.2,112.7,81.8,81.1,-272.9,-361.9,-360.9,-360.9,0.0,0.0,0.0,0.0,-611.6,-612.4,-610.4,-607.2
A367000,플래티어,2021-08-12,11000.0,28600.0,15000.0,13550.0,17280.0,,160.0,36.4,23.2,57.1,,-47.6,-52.6,-39.6,,2023-08-11,10450.0,-5.0,-63.5,-321.0,-339.2,-333.3,,-38.8,-39.3,-45.2,,453.2,471.4,544.8,,-91.0,-93.4,-82.5,,-1.5,-1.5,-1.5,,-34.4,-43.4,-45.9,,-187.1,-193.8,-196.4,,-0.6,-0.6,-0.6,,-0.5,-0.5,-0.5,,-5.9,-6.0,-6.0,,0.0,0.0,0.0,,-93.4,-92.9,-166.3,
A315640,딥노이드,2021-08-17,9393.0,11271.0,5568.0,3837.0,4034.0,9325.0,20.0,-40.7,-59.2,-57.1,-0.7,-50.6,-66.0,-64.2,-17.3,2023-08-17,9325.0,-0.7,-17.3,-406.3,-409.9,-423.2,-395.4,-17.0,-6.9,-18.7,-45.3,729.6,724.7,753.7,753.3,-68.3,-70.1,-69.8,-61.2,0.4,0.4,0.4,4.6,0.0,-0.2,-6.9,21.9,-79.8,-81.4,-81.3,-73.4,-0.4,-0.4,-0.4,-1.4,18.1,18.1,11.1,16.4,-276.4,-276.4,-276.4,-302.3,0.0,0.0,0.0,0.0,-306.3,-307.9,-311.9,-312.5
A099390,브레인즈컴퍼니,2021-08-19,12598.0,32756.0,12246.0,8590.0,10590.0,,160.0,-2.8,-31.8,-15.9,,-62.6,-73.8,-67.7,,2023-08-18,7190.0,-42.9,-78.0,-396.4,-394.8,-396.5,,-3.6,-3.2,-3.6,,408.0,403.1,406.9,,-47.2,-34.1,-33.6,,-0.4,-0.4,-0.4,,-12.2,-16.7,-18.5,,-326.2,-333.1,-333.5,,-0.4,-0.4,-0.4,,-0.4,-0.4,-0.4,,-9.6,-9.6,-9.6,,0.0,0.0,0.0,,-8.0,-5.1,-6.8,
A308080,바이젠셀,2021-08-25,26405.0,29812.0,12476.0,9580.0,7080.0,5590.0,12.9,-52.8,-63.7,-73.2,-78.8,-58.2,-67.9,-76.3,-81.2,2023-08-25,5590.0,-78.8,-81.2,-916.7,-988.8,-1013.9,-1017.5,-28.2,-30.0,-33.9,-27.4,1585.4,1729.4,1758.5,1758.3,-174.0,-177.5,-179.6,-182.7,2.4,0.7,0.7,0.7,-40.4,-79.2,-84.9,-84.5,-539.3,-573.4,-577.7,-578.6,-3.1,-3.1,-3.1,-3.1,49.3,55.4,42.4,42.4,-211.4,-211.6,-211.6,-211.6,0.0,0.0,0.0,0.0,-640.6,-710.6,-710.8,-713.4
A273640,와이엠텍,2021-09-10,14019.0,29540.0,16047.0,21450.0,19980.0,,110.7,14.5,53.0,42.5,,-45.7,-27.4,-32.4,,2023-09-08,16600.0,18.4,-43.8,-500.1,-468.7,-497.5,,-21.1,-6.0,-3.5,,573.1,536.0,551.0,,-163.7,-158.2,-166.3,,-0.3,2.1,1.1,,-26.6,8.7,2.5,,-201.0,-218.1,-220.0,,-0.1,-0.1,-0.1,,-0.1,14.2,2.7,,-108.2,-117.4,-117.4,,0.0,0.0,0.0,,-51.9,-61.3,-49.9,
A099430,바이오플러스,2021-09-27,7883.0,8121.0,6882.0,7195.0,6790.0,7070.0,3.0,-12.7,-8.7,-13.9,-10.3,-15.3,-11.4,-16.4,-12.9,2023-09-27,7070.0,-10.3,-12.9,-196.6,-244.3,-206.5,-266.5,32.0,57.0,35.6,46.4,324.1,620.4,906.1,963.7,24.0,6.3,21.4,78.2,-0.9,4.8,3.7,10.1,-6.4,38.1,58.5,-46.3,-146.6,-208.1,-206.3,-214.6,-0.3,-2.5,-3.0,-3.0,0.3,7.4,3.0,3.7,-66.6,-90.3,-83.8,-94.6,0.0,0.0,0.0,0.0,-159.4,-433.0,-735.1,-743.6
A377220,프롬바이오,2021-09-28,9000.0,9925.0,4425.0,3130.0,3670.0,,10.3,-50.8,-65.2,-59.2,,-55.4,-68.5,-63.0,,2023-09-27,3620.0,-59.8,-63.5,-509.5,-523.0,-564.9,,-21.3,-22.7,-25.2,,602.7,626.5,669.2,,-16.6,-25.5,-26.1,,-4.7,-4.7,-4.7,,-51.5,-55.7,-56.1,,-253.5,-253.8,-257.2,,-0.1,-0.1,-0.1,,0.2,0.2,0.2,,-183.3,-183.3,-220.8,,0.0,0.0,0.0,,-71.9,-80.9,-79.1,
A257720,실리콘투,2021-09-29,4533.0,4833.0,2933.0,1915.0,3330.0,,6.6,-35.3,-57.8,-26.5,,-39.3,-60.4,-31.1,,2023-09-27,9350.0,106.3,93.5,-427.0,-459.9,-436.7,,-70.3,-44.5,-68.9,,628.7,866.9,921.2,,-67.9,-6.5,-5.0,,-1.3,-1.3,6.0,,-13.9,-26.7,-15.6,,-273.6,-306.2,-305.3,,-0.1,-0.1,-0.1,,-0.7,-0.7,1.4,,-69.5,-118.4,-118.1,,0.0,0.0,0.0,,-131.5,-362.5,-415.7,
A159010,아스플로,2021-10-07,8337.0,9454.0,6969.0,8740.0,13500.0,,13.4,-16.4,4.8,61.9,,-26.3,-7.6,42.8,,2023-10-06,10540.0,26.4,11.5,-215.5,-208.4,-107.3,,-11.3,-17.1,28.8,,335.9,330.6,173.8,,-14.1,-10.3,40.2,,-0.4,2.5,-0.8,,-14.8,-2.7,16.2,,-81.1,-103.1,-70.4,,-0.1,0.7,0.4,,-0.1,9.1,11.9,,-105.0,-104.5,-104.8,,0.0,0.0,0.0,,-109.1,-105.1,-95.3,
A382840,원준,2021-10-07,21685.0,29024.0,35763.0,20400.0,29500.0,,33.8,64.9,-5.9,36.0,,23.2,-29.7,1.6,,2023-10-06,16740.0,-22.8,-42.3,-640.2,-849.6,-1127.3,,-6.5,42.1,9.6,,907.4,1564.1,2066.4,,-41.3,-50.1,-21.0,,16.2,-7.7,-6.9,,-64.6,-91.5,-105.9,,-351.3,-421.1,-430.6,,-0.5,1.3,1.3,,47.3,28.3,25.7,,-246.0,-308.8,-589.9,,0.0,0.0,0.0,,-260.7,-756.7,-948.7,
A376290,씨유테크,2021-10-08,6000.0,8400.0,7360.0,4075.0,4445.0,,40.0,22.7,-32.1,-25.9,,-12.4,-51.5,-47.1,,2023-10-06,3380.0,-43.7,-59.8,-310.7,-315.6,-315.5,,-12.5,-10.8,-9.1,,351.4,355.5,353.9,,-69.1,-69.3,-69.1,,-3.0,-3.0,-3.0,,-56.5,-59.3,-59.4,,-166.8,-168.7,-168.8,,-0.8,-0.8,-0.8,,-0.9,-0.9,-0.9,,-13.6,-13.6,-13.6,,0.0,0.0,0.0,,-28.1,-29.1,-29.2,
A382480,지아이텍,2021-10-21,2800.0,7280.0,3645.0,4190.0,4765.0,,160.0,30.2,49.6,70.2,,-49.9,-42.4,-34.5,,2023-10-20,2915.0,4.1,-60.0,-323.7,-358.2,-359.3,,-54.2,-58.9,-56.2,,580.1,624.3,663.1,,-48.0,-52.2,-51.3,,-1.5,-1.5,-1.6,,-37.0,-44.6,-47.1,,-223.3,-245.7,-245.2,,-0.2,-0.2,-0.2,,-2.1,-2.1,-2.1,,-11.7,-11.8,-11.8,,0.0,0.0,0.0,,-202.3,-207.2,-247.6,
A261780,아리바이오랩,2021-10-22,11000.0,13000.0,7430.0,4915.0,5620.0,,18.2,-32.5,-55.3,-48.9,,-42.8,-62.2,-56.8,,2023-10-20,4620.0,-58.0,-64.5,-303.9,-320.4,-321.9,,-43.7,-80.4,-86.0,,446.9,630.0,639.3,,-72.7,-76.3,-76.0,,-0.1,-0.1,-0.1,,-61.8,-64.1,-63.5,,-150.5,-160.9,-163.4,,-1.6,-1.6,-1.6,,-0.3,-0.3,-0.3,,-16.8,-17.1,-17.1,,0.0,0.0,0.0,,-99.4,-229.2,-231.4,
A114840,아이패밀리에스씨,2021-10-28,6252.0,6352.0,7990.0,4551.0,10078.0,,1.6,27.8,-27.2,61.2,,25.8,-28.4,58.7,,2023-10-27,12379.0,98.0,94.9,-73.4,-88.1,75.6,,4.0,15.1,20.2,,73.2,92.1,-84.3,,-27.2,-30.0,-25.1,,1.4,5.8,28.1,,-7.5,-0.6,65.7,,-34.3,-57.8,-36.6,,-1.0,-0.7,-0.7,,1.4,2.1,50.8,,-6.1,-7.1,-6.5,,0.0,0.0,0.0,,-3.9,-19.0,-11.5,
A377450,리파인,2021-10-29,21000.0,14300.0,14400.0,7560.0,8480.0,,-31.9,-31.4,-64.0,-59.6,,0.7,-47.1,-40.7,,2023-10-27,6970.0,-66.8,-51.3,-2.3,-11.2,-50.9,,14.3,54.9,0.8,,-40.3,-68.1,29.2,,105.3,155.4,150.2,,-3.0,-6.9,-6.7,,-68.4,-106.1,-108.9,,-77.0,-98.5,-125.6,,-3.9,-3.9,-3.9,,50.0,54.1,49.3,,-5.3,-5.3,-5.3,,0.0,0.0,0.0,,28.3,24.4,20.9,
A382800,지앤비에스 에코,2021-10-29,4350.0,4800.0,4213.0,2675.0,4865.0,,10.3,-3.1,-38.5,11.8,,-12.2,-44.3,1.4,,2023-10-27,6100.0,40.2,27.1,-150.6,-156.1,-229.2,,-16.0,-21.2,-8.1,,320.3,338.5,512.3,,20.8,22.5,9.6,,0.9,0.3,0.3,,-22.7,-12.3,-40.3,,-29.2,-45.8,-73.7,,-115.3,-115.7,-116.5,,-0.7,-0.6,-0.5,,-4.5,-4.5,-8.0,,0.0,0.0,0.0,,-153.7,-161.2,-275.0,
A348370,엔켐,2021-11-01,42000.0,80000.0,82800.0,76200.0,72900.0,50000.0,90.5,97.1,81.4,73.6,19.0,3.5,-4.7,-8.9,-37.5,2023-11-01,50000.0,19.0,-37.5,-286.6,-716.8,-1019.3,-1301.1,239.7,210.6,144.5,-232.1,711.3,1185.9,3164.4,3832.2,-247.0,-446.1,-633.5,-609.2,59.7,64.6,40.3,23.6,310.3,363.3,266.9,200.8,-680.7,-900.3,-896.8,-1072.8,2.4,5.7,4.2,4.1,598.4,515.0,519.0,471.9,-329.6,-319.1,-319.4,-319.6,0.0,0.0,0.0,0.0,-664.4,-679.8,-2289.5,-2299.0
A376180,피코그램,2021-11-03,2138.0,3181.0,3267.0,8569.0,8820.0,4635.0,48.8,52.8,300.8,312.5,116.8,2.7,169.4,177.3,45.7,2023-11-03,4635.0,116.8,45.7,-166.6,-211.0,-214.9,-217.1,-0.2,-16.7,17.1,-23.2,176.2,231.6,209.0,252.0,-35.7,-63.3,-66.2,-68.6,-0.3,-0.3,-0.3,-0.3,-15.1,-28.6,-29.3,-29.2,-86.2,-89.5,-89.9,-89.7,-24.5,-24.5,-24.5,-24.5,-0.3,-0.3,-0.3,-0.3,-4.5,-4.5,-4.5,-4.5,0.0,0.0,0.0,0.0,-9.5,-3.9,-11.1,-11.8
A389030,지니너스,2021-11-08,6672.0,4470.0,3303.0,2660.0,2180.0,3340.0,-33.0,-50.5,-60.1,-67.3,-49.9,-26.1,-40.5,-51.2,-25.3,2023-11-08,3340.0,-49.9,-25.3,-121.8,-156.4,-166.3,-166.6,-42.6,-40.3,-35.9,-29.4,253.5,340.1,349.9,413.1,-12.9,-13.5,-14.2,-15.5,-3.9,-3.9,-3.9,-5.5,-40.2,-52.7,-55.2,-54.8,-58.8,-66.5,-66.6,-58.0,0.0,0.1,0.1,0.1,1.3,0.4,0.4,0.4,-7.4,-20.3,-27.0,-33.4,0.0,0.0,0.0,0.0,-89.1,-143.4,-147.7,-217.2
A357880,SKAI,2021-11-10,6443.0,6677.0,7820.0,4504.0,4616.0,3895.0,3.6,21.4,-30.1,-28.4,-39.5,17.1,-32.5,-30.9,-41.7,2023-11-10,3895.0,-39.5,-41.7,-527.8,-528.4,-545.8,-546.2,-16.1,-11.6,6.0,-25.3,856.5,858.2,870.0,901.4,-71.0,-71.9,-73.4,-73.6,-0.2,-0.2,-0.2,-0.2,-35.5,-33.3,-35.6,-35.6,-167.7,-169.6,-183.1,-183.3,-80.1,-80.1,-80.1,-80.1,-53.5,-53.5,-53.5,-53.5,-119.8,-119.8,-119.8,-119.8,0.0,0.0,0.0,0.0,-312.6,-318.3,-330.3,-330.0
A376300,디어유,2021-11-10,26000.0,66500.0,37000.0,26900.0,40700.0,36900.0,155.8,42.3,3.5,56.5,41.9,-44.4,-59.5,-38.8,-44.5,2023-11-10,36900.0,41.9,-44.5,118.4,-28.1,-249.8,228.9,-144.8,-224.1,-78.6,-297.4,431.0,683.7,857.1,631.6,38.0,27.7,-23.6,-30.6,74.1,59.9,75.7,84.6,227.5,110.5,160.7,571.4,-374.0,-407.8,-596.4,-565.9,-1.6,-1.6,7.4,6.3,175.7,206.0,143.8,180.2,-21.4,-22.7,-17.3,-17.2,0.0,0.0,0.0,0.0,-404.6,-431.6,-528.7,-563.1
A311320,지오엘리먼트,2021-11-11,5011.0,7968.0,10173.0,11501.0,9530.0,,59.0,103.0,129.5,90.2,,27.7,44.3,19.6,,2023-11-10,11850.0,136.5,48.7,-175.3,-189.1,-196.6,,-25.4,-30.0,-27.3,,205.2,225.3,231.0,,-36.4,-47.1,-47.0,,-0.1,-0.1,-0.1,,-20.3,-27.7,-25.6,,-107.4,-103.1,-112.7,,-0.1,-0.1,-0.1,,-0.2,-0.2,-0.2,,-10.7,-10.7,-11.0,,0.0,0.0,0.0,,-4.5,-6.2,-7.0,
A372800,아이티아이즈,2021-11-11,14300.0,20050.0,12550.0,8800.0,8980.0,,40.2,-12.2,-38.5,-37.2,,-37.4,-56.1,-55.2,,2023-11-10,6200.0,-56.6,-69.1,-174.5,-193.8,-193.9,,-30.3,-29.4,-35.5,,210.8,229.0,235.2,,-40.4,-41.5,-30.3,,-0.3,-0.3,-0.3,,-16.5,-39.9,-40.4,,-113.9,-108.8,-119.5,,-0.2,-0.2,-0.2,,-0.4,-0.4,-0.4,,-2.9,-2.9,-2.9,,0.0,0.0,0.0,,-6.0,-5.8,-5.8,
A290090,트윔,2021-11-17,22000.0,41100.0,17150.0,14300.0,13790.0,13190.0,86.8,-22.0,-35.0,-37.3,-40.0,-58.3,-65.2,-66.4,-67.9,2023-11-17,13190.0,-40.0,-67.9,-461.6,-441.0,-449.3,-431.4,-13.1,-13.5,-14.1,-13.6,607.6,585.9,593.5,579.7,-76.0,-41.8,-42.6,-15.9,-1.0,-1.0,-1.0,-1.0,-164.9,-170.7,-176.7,-185.5,-135.3,-143.0,-144.3,-144.3,-0.5,-0.5,-0.5,-0.5,-1.1,-1.1,-1.1,-1.1,-82.9,-82.9,-83.0,-83.0,0.0,0.0,0.0,0.0,-133.0,-131.4,-130.1,-134.7
A361570,알비더블유,2021-11-22,7141.0,12998.0,5873.0,4322.0,5673.0,3490.0,82.0,-17.8,-39.5,-20.6,-51.1,-54.8,-66.7,-56.4,-73.1,2023-11-22,3490.0,-51.1,-73.1,-288.8,-302.9,-360.8,-374.2,-46.0,-33.8,-37.9,1.6,535.6,585.4,720.7,702.3,-20.2,-20.4,-22.6,-25.6,-1.8,-1.8,-1.8,-1.8,-38.4,-32.6,-58.3,-57.7,-159.5,-179.3,-182.3,-182.6,-0.5,-0.3,-0.3,-0.3,-1.7,-1.7,-1.7,-1.7,-66.7,-66.7,-93.8,-104.5,0.0,0.0,0.0,0.0,-200.8,-248.7,-322.0,-329.7
A377480,마음AI,2021-11-23,30000.0,38000.0,20500.0,11900.0,28850.0,28800.0,26.7,-31.7,-60.3,-3.8,-4.0,-46.1,-68.7,-24.1,-24.2,2023-11-23,28800.0,-4.0,-24.2,-514.3,-524.4,-867.2,-871.4,18.4,22.3,-11.5,-30.6,663.3,653.3,1079.3,1119.7,-38.2,-37.9,-58.1,-64.7,-0.7,-0.7,1.4,-0.7,-55.8,-63.3,-139.8,-127.0,-297.1,-300.7,-377.7,-386.1,-87.8,-87.8,-104.8,-104.8,-0.0,-0.0,0.5,0.5,-34.8,-34.1,-188.6,-188.6,0.0,0.0,0.0,0.0,-167.4,-151.1,-200.6,-217.6
A298870,우리벤처파트너스,2021-12-16,5800.0,5350.0,3730.0,2845.0,2610.0,,-7.8,-35.7,-50.9,-55.0,,-30.3,-46.8,-51.2,,2023-08-25,2555.0,-55.9,-52.2,-339.4,-546.5,-527.8,,-223.3,-217.9,-214.7,,576.7,783.5,763.1,,-4.7,-37.1,4.4,,-33.2,-53.9,-54.9,,-94.8,-121.9,-125.3,,-200.8,-327.8,-346.1,,-0.8,-0.9,-0.9,,-0.5,0.1,0.1,,-4.8,-5.1,-5.1,,0.0,0.0,0.0,,-14.0,-19.0,-20.5,
A353590,오토앤,2022-01-20,5300.0,11400.0,11750.0,11200.0,10720.0,,115.1,121.7,111.3,102.3,,3.1,-1.8,-6.0,,2024-01-19,6730.0,27.0,-41.0,-254.5,-273.5,-264.5,,-67.7,-75.1,-76.3,,675.5,713.1,704.7,,-31.1,-31.5,-31.0,,-0.1,-0.1,-0.1,,-19.7,-23.1,-17.5,,-119.8,-134.9,-132.0,,-0.1,-0.1,-0.1,,-0.3,-0.3,-0.3,,-83.5,-83.5,-83.5,,0.0,0.0,0.0,,-353.3,-364.5,-363.9,
A102370,케이옥션,2022-01-24,6669.0,17340.0,8730.0,5980.0,4250.0,5250.0,160.0,30.9,-10.3,-36.3,-21.3,-49.7,-65.5,-75.5,-69.7,2024-01-24,5250.0,-21.3,-69.7,-458.4,-504.3,-461.1,-446.7,7.3,-0.4,-3.8,18.2,562.2,616.0,576.2,538.7,-100.5,-128.6,-76.3,-79.3,-0.7,-1.1,1.1,1.8,-53.8,-65.7,-69.0,-56.8,-123.2,-134.3,-136.7,-133.2,-0.2,-0.2,-0.2,-0.2,0.7,6.6,1.1,2.1,-180.7,-181.0,-181.1,-181.1,0.0,0.0,0.0,0.0,-111.1,-111.4,-111.3,-110.3
A276040,스코넥,2022-02-04,11498.0,21625.0,12117.0,16363.0,8075.0,,88.1,5.4,42.3,-29.8,,-44.0,-24.3,-62.7,,2024-02-02,8234.0,-28.4,-61.9,-327.6,-318.3,-428.0,,5.6,4.8,5.9,,358.6,336.3,523.6,,-104.4,-126.2,-133.1,,-1.0,1.4,0.7,,-45.8,-42.3,-45.0,,-162.2,-137.4,-113.1,,-0.3,-0.4,-133.5,,-0.4,0.5,10.1,,-13.6,-14.0,-14.0,,0.0,0.0,0.0,,-36.6,-22.8,-101.6,
A377330,이지트로닉스,2022-02-04,22000.0,25500.0,15000.0,12360.0,9900.0,,15.9,-31.8,-43.8,-55.0,,-41.2,-51.5,-61.2,,2024-02-02,7070.0,-67.9,-72.3,-298.1,-313.5,-313.9,,-45.5,-46.6,-43.6,,583.9,599.3,597.0,,-35.4,-31.7,-30.7,,-1.5,-1.5,-1.5,,-44.8,-55.0,-55.9,,-133.8,-142.9,-143.3,,-50.1,-50.1,-50.1,,-0.4,-0.4,-0.4,,-31.9,-31.9,-31.9,,0.0,0.0,0.0,,-240.4,-239.2,-239.4,
A136410,아셈스,2022-02-07,8000.0,13500.0,15950.0,12900.0,8210.0,6820.0,68.8,99.4,61.3,2.6,-14.7,18.1,-4.4,-39.2,-49.5,2024-02-07,6820.0,-14.7,-49.5,-148.2,-145.9,-185.7,-205.8,-22.6,-17.5,-15.2,-19.4,267.5,258.6,297.4,323.9,-2.2,-17.9,-42.1,-29.5,16.4,36.9,32.6,28.8,-5.0,24.5,23.8,10.6,-152.7,-169.4,-167.3,-176.6,-52.0,-51.8,-51.8,-51.8,51.0,35.5,23.1,16.8,-3.8,-3.7,-4.0,-4.2,0.0,0.0,0.0,0.0,-96.7,-95.2,-96.4,-98.7
A137080,나래나노텍,2022-02-08,17500.0,13900.0,9370.0,8420.0,7620.0,6170.0,-20.6,-46.5,-51.9,-56.5,-64.7,-32.6,-39.4,-45.2,-55.6,2024-02-08,6170.0,-64.7,-55.6,-182.0,-187.3,-192.0,-192.2,-90.7,-96.7,-98.5,-106.1,270.9,283.2,294.1,301.8,-40.3,-40.1,-42.1,-42.2,-7.9,-7.9,-7.9,-7.9,-59.6,-60.1,-62.1,-62.1,-58.7,-63.3,-63.8,-63.8,-3.2,-3.2,-3.2,-3.2,-7.3,-7.3,-7.3,-7.3,-5.0,-5.4,-5.6,-5.6,0.0,0.0,0.0,0.0,1.8,0.8,-3.6,-3.5
A251120,바이오에프디엔씨,2022-02-21,28000.0,22200.0,22800.0,17150.0,13300.0,12740.0,-20.7,-18.6,-38.7,-52.5,-54.5,2.7,-22.7,-40.1,-42.6,2024-02-21,12740.0,-54.5,-42.6,-123.2,-63.5,-89.8,-133.7,-4.8,-45.6,-107.1,-105.4,130.3,112.6,190.2,224.3,-28.6,2.6,-7.7,-9.2,0.0,0.0,0.0,0.0,-46.9,-28.2,8.4,-12.8,-38.8,-29.0,-81.6,-102.8,-3.5,-3.5,-3.5,-3.5,0.0,0.0,0.0,0.0,-5.4,-5.4,-5.4,-5.4,0.0,0.0,0.0,0.0,-2.3,-3.5,6.7,14.8
A370090,퓨런티어,2022-02-23,15000.0,31200.0,23700.0,20750.0,26650.0,27000.0,108.0,58.0,38.3,77.7,80.0,-24.0,-33.5,-14.6,-13.5,2024-02-23,27000.0,80.0,-13.5,-366.5,-379.5,-218.0,-327.1,-14.3,-12.5,-4.6,-45.4,490.6,504.3,330.0,481.5,-153.1,-154.5,-128.4,-146.3,-1.5,-1.5,30.8,5.1,-29.1,-34.2,30.5,-20.8,-161.2,-167.7,-177.5,-174.5,-0.9,-0.9,1.0,-1.9,-1.8,-1.8,44.7,30.4,-18.9,-18.9,-19.1,-19.1,0.0,0.0,0.0,0.0,-109.9,-112.2,-107.5,-109.0
A365900,브이씨,2022-02-24,15000.0,15350.0,10400.0,7950.0,4860.0,,2.3,-30.7,-47.0,-67.6,,-32.2,-48.2,-68.3,,2024-02-23,4005.0,-73.3,-73.9,-172.3,-188.2,-192.0,,-23.2,-23.5,-22.0,,211.0,250.5,247.2,,-36.5,-48.8,-49.1,,-0.5,-0.5,-0.5,,-6.3,-6.3,-6.5,,-48.1,-51.7,-55.1,,-60.2,-60.2,-60.2,,-0.1,-0.1,-0.1,,-20.5,-20.5,-20.5,,0.0,0.0,0.0,,-15.5,-38.8,-33.2,
A330730,스톤브릿지벤처스,2022-02-25,8000.0,6510.0,6060.0,5080.0,4035.0,,-18.6,-24.3,-36.5,-49.6,,-6.9,-22.0,-38.0,,2024-02-23,4490.0,-43.9,-31.0,-255.4,-235.7,-235.7,,-24.0,-28.4,-24.3,,282.1,271.1,268.5,,-40.8,-12.6,-12.5,,-0.0,-0.0,-0.0,,-15.1,-18.8,-18.9,,-197.7,-202.3,-202.4,,-0.1,-0.1,-0.1,,-0.2,-0.2,-0.2,,-1.6,-1.6,-1.6,,0.0,0.0,0.0,,-2.7,-7.0,-8.5,
A371950,풍원정밀,2022-02-28,15200.0,21450.0,17250.0,10200.0,8600.0,6540.0,41.1,13.5,-32.9,-43.4,-57.0,-19.6,-52.4,-59.9,-69.5,2024-02-28,6540.0,-57.0,-69.5,-241.1,-301.2,-311.8,-317.3,10.3,-2.9,-10.7,-10.9,248.4,317.6,334.6,344.5,-27.1,-30.4,-32.7,-32.6,1.2,-2.6,-2.5,-2.5,-21.5,-52.3,-58.6,-58.7,-176.6,-197.6,-205.3,-207.2,-1.0,-1.0,-1.0,-1.0,-2.4,-3.5,2.3,-1.3,-13.7,-13.7,-14.1,-14.1,0.0,0.0,0.0,0.0,-17.6,-13.6,-12.1,-16.3
A146320,비씨엔씨,2022-03-03,13000.0,22600.0,17300.0,17600.0,17740.0,,73.8,33.1,35.4,36.5,,-23.5,-22.1,-21.5,,2024-02-29,23600.0,81.5,4.4,-108.8,-70.6,-139.1,,-38.2,-31.9,-18.7,,558.0,510.7,561.1,,-40.0,-45.6,-48.5,,4.0,6.1,2.8,,-21.2,-0.7,9.9,,-105.2,-57.2,-113.1,,0.4,-0.6,-0.6,,68.3,43.0,26.0,,-15.2,-15.6,-15.6,,0.0,0.0,0.0,,-411.0,-408.2,-403.3,
A376930,노을,2022-03-03,3976.0,3662.0,2823.0,2910.0,2986.0,,-7.9,-29.0,-26.8,-24.9,,-22.9,-20.5,-18.5,,2024-02-29,2912.0,-26.8,-20.5,-124.4,-141.2,-147.1,,-25.1,-26.3,-30.1,,164.0,200.0,214.8,,-26.1,-26.4,-28.9,,0.0,0.0,0.0,,-6.7,-12.4,-13.1,,-56.5,-58.7,-59.1,,-29.9,-29.9,-29.9,,-0.2,-0.2,-0.2,,-4.9,-13.5,-15.8,,0.0,0.0,0.0,,-14.5,-32.4,-37.7,
A288980,모아데이타,2022-03-10,3335.0,2676.0,2115.0,4805.0,2740.0,,-19.8,-36.6,44.1,-17.8,,-21.0,79.6,2.4,,2024-03-08,2185.0,-34.5,-18.3,-235.6,-231.4,-240.0,,-7.0,-52.2,-54.3,,432.1,484.4,513.0,,-79.5,-78.2,-79.2,,-1.6,-1.6,-1.6,,-24.4,-25.1,-24.9,,-56.9,-53.3,-56.0,,0.0,0.0,0.0,,-0.0,-0.0,-0.0,,-73.1,-73.1,-78.3,,0.0,0.0,0.0,,-189.5,-200.8,-218.7,
A388720,유일로보틱스,2022-03-18,10000.0,26000.0,31450.0,31800.0,23350.0,27800.0,160.0,214.5,218.0,133.5,178.0,21.0,22.3,-10.2,6.9,2024-03-18,27800.0,178.0,6.9,-381.0,-426.7,-433.1,-418.1,-60.5,-80.4,-93.0,-77.3,688.7,783.2,790.5,754.4,-176.9,-170.6,-158.9,-142.1,2.6,0.8,0.0,0.0,-51.3,-68.9,-76.7,-81.5,-153.2,-186.0,-194.6,-191.6,0.5,0.5,0.2,0.2,-0.3,-0.3,-0.3,-0.3,-2.4,-2.4,-2.8,-2.8,0.0,0.0,0.0,0.0,-247.1,-276.0,-264.3,-259.1
A366030,나인앤컴퍼니,2022-03-23,3337.0,3337.0,8400.0,9510.0,6600.0,,0.0,151.7,185.0,97.8,,151.7,185.0,97.8,,2024-03-22,5890.0,76.5,76.5,-238.0,-238.2,-238.1,,-43.1,-41.7,-99.0,,327.1,331.1,388.8,,-110.6,-112.0,-112.0,,-4.3,-4.3,-4.3,,-22.8,-21.6,-21.6,,-100.6,-100.6,-100.6,,0.0,0.0,0.0,,4.2,4.2,4.2,,-3.9,-3.9,-3.9,,0.0,0.0,0.0,,-46.0,-51.2,-51.6,
A396300,세아메카닉스,2022-03-24,4400.0,7600.0,6500.0,6820.0,4175.0,,72.7,47.7,55.0,-5.1,,-14.5,-10.3,-45.1,,2024-03-22,4080.0,-7.3,-46.3,-484.9,-471.7,-506.1,,-45.8,-45.3,-45.7,,567.6,712.6,789.3,,-177.5,-176.0,-180.8,,-0.6,-0.6,-0.6,,-27.8,-24.2,-22.2,,-268.9,-260.8,-292.4,,-0.5,-0.5,-0.5,,-0.4,-0.4,-0.4,,-9.3,-9.3,-9.3,,0.0,0.0,0.0,,-36.8,-195.6,-237.5,
A388050,지투파워,2022-04-01,3320.0,7135.0,6280.0,12180.0,8860.0,9090.0,114.9,89.2,266.9,166.9,173.8,-12.0,70.7,24.2,27.4,2024-04-01,9090.0,173.8,27.4,-236.0,-240.5,-239.0,-239.3,-7.3,-51.7,-79.9,-75.1,520.4,551.5,595.2,591.5,-66.6,-67.1,-67.2,-67.0,-0.5,-0.5,-0.5,-0.5,-19.3,-20.2,-21.6,-21.7,-147.5,-150.6,-147.6,-148.1,-0.0,-0.0,-0.0,-0.0,-0.1,-0.1,-0.1,-0.1,-1.9,-1.9,-1.9,-1.9,0.0,0.0,0.0,0.0,-277.1,-259.4,-276.3,-277.1
A389140,포바이포,2022-04-28,15814.0,41117.0,9442.0,12335.0,6316.0,,160.0,-40.3,-22.0,-60.1,,-77.0,-70.0,-84.6,,2024-04-26,7870.0,-50.2,-80.9,-193.7,-255.7,-240.6,,-60.5,-54.3,-60.6,,620.5,779.4,770.8,,-42.3,-46.3,-41.1,,-1.0,-1.2,-1.2,,-38.6,-65.1,-55.8,,-97.5,-125.7,-125.6,,-0.4,-0.9,-0.9,,-1.3,-2.5,-1.9,,-12.5,-14.0,-14.0,,0.0,0.0,0.0,,-366.3,-469.4,-469.6,
A389260,대명에너지,2022-05-16,15000.0,13950.0,27250.0,24000.0,15760.0,16790.0,-7.0,81.7,60.0,5.1,11.9,95.3,72.0,13.0,20.4,2024-05-16,16790.0,11.9,20.4,-214.5,-194.1,-155.3,-162.0,-36.9,-71.6,-39.0,-61.7,255.2,309.1,227.1,263.1,-33.4,-37.6,-32.9,-23.9,-1.1,0.5,5.6,5.2,-5.7,5.0,25.7,12.4,-174.8,-171.4,-169.5,-171.1,0.0,0.0,0.0,0.0,2.6,11.4,17.0,16.8,-2.1,-2.0,-1.3,-1.3,0.0,0.0,0.0,0.0,-3.8,-43.4,-32.8,-39.4
A399720,가온칩스,2022-05-20,14000.0,27100.0,18900.0,29800.0,41600.0,79200.0,93.6,35.0,112.9,197.1,465.7,-30.3,10.0,53.5,192.3,2024-05-20,79200.0,465.7,192.3,-398.2,-342.8,-125.8,-261.5,-20.6,-43.8,-64.5,53.8,460.6,458.2,254.1,284.8,-60.3,-60.1,-27.3,-37.7,-2.1,10.2,9.1,-19.3,-71.8,-53.0,121.7,-46.9,-159.4,-150.8,-164.0,-187.6,-0.7,-0.7,-0.7,0.4,-2.6,12.9,36.5,121.8,-101.3,-101.3,-101.1,-92.3,0.0,0.0,0.0,0.0,-41.8,-71.6,-63.9,-77.0
A362320,청담글로벌,2022-06-03,6000.0,7640.0,10900.0,8330.0,6900.0,8730.0,27.3,81.7,38.8,15.0,45.5,42.7,9.0,-9.7,14.3,2024-06-03,8730.0,45.5,14.3,-268.5,-341.3,-314.5,-307.0,-53.4,-51.7,-65.5,-105.0,445.2,542.9,539.5,609.7,-80.7,-81.7,-54.7,-48.3,0.2,0.3,0.3,0.3,-111.2,-141.1,-139.4,-138.5,-42.9,-65.4,-67.3,-67.1,-4.0,-4.0,-4.0,-4.0,-0.2,-0.1,-0.1,-0.1,-29.7,-49.2,-49.2,-49.2,0.0,0.0,0.0,0.0,-123.3,-149.9,-159.5,-197.7
A382900,범한퓨얼셀,2022-06-17,40000.0,47950.0,26850.0,29600.0,18440.0,21100.0,19.9,-32.9,-26.0,-53.9,-47.2,-44.0,-38.3,-61.5,-56.0,2024-06-17,21100.0,-47.2,-56.0,-791.3,-741.6,-801.4,-830.6,21.8,17.6,-6.1,-4.8,856.3,805.9,932.7,1006.9,-35.6,-30.6,-51.4,-50.4,-6.4,-6.4,-6.3,-6.3,-117.7,-92.1,-106.0,-119.1,-293.4,-279.9,-297.9,-298.1,1.0,1.0,1.0,1.0,-4.5,1.1,0.7,1.9,-334.7,-334.8,-341.6,-359.7,0.0,0.0,0.0,0.0,-86.7,-81.8,-125.2,-171.6
A377460,큐에이드,2022-06-23,39088.0,26541.0,15587.0,13512.0,4080.0,,-32.1,-60.1,-65.4,-89.6,,-41.3,-49.1,-84.6,,2024-06-21,4080.0,-89.6,-84.6,-246.9,-260.4,-268.0,,-122.1,-127.0,-130.9,,379.3,396.8,496.7,,-13.5,-17.2,-21.0,,-0.1,-0.1,-0.1,,-24.9,-25.6,-26.3,,-203.1,-212.3,-215.3,,-0.1,-0.1,-0.1,,-0.1,-0.1,-0.1,,-4.9,-4.9,-5.0,,0.0,0.0,0.0,,-10.3,-9.4,-97.9,
A310210,보로노이,2022-06-24,32763.0,24040.0,25473.0,40216.0,50100.0,48500.0,-26.6,-22.3,22.7,52.9,48.0,6.0,67.3,108.4,101.7,2024-06-24,48500.0,48.0,101.7,-132.6,-113.2,-219.0,-157.5,-44.8,-24.8,3.2,-43.0,223.2,192.2,319.8,368.4,-46.6,-18.7,72.4,112.9,13.2,27.5,21.1,6.5,26.3,36.4,-58.1,-135.9,-180.0,-210.7,-393.6,-335.5,0.0,0.0,0.0,1.5,64.4,63.6,183.7,235.8,-10.0,-11.2,-44.5,-42.7,0.0,0.0,0.0,0.0,-45.9,-54.3,-103.9,-168.0
A412350,레이저쎌,2022-06-24,14305.0,15512.0,5731.0,11193.0,7635.0,8145.0,8.4,-59.9,-21.8,-46.6,-43.1,-63.1,-27.8,-50.8,-47.5,2024-06-24,8145.0,-43.1,-47.5,-342.4,-361.9,-427.4,-454.7,-56.7,-69.8,-75.7,-87.1,581.3,615.1,692.3,731.5,-34.5,-13.2,-48.1,-48.4,-0.5,-0.5,-0.6,-0.6,-21.0,-17.3,-29.1,-29.0,-90.2,-108.7,-120.6,-139.5,-95.5,-95.5,-95.5,-95.5,-0.1,-0.1,-0.1,-0.1,-100.7,-126.5,-133.3,-141.5,0.0,0.0,0.0,0.0,-182.1,-183.4,-189.2,-189.7
A396270,넥스트칩,2022-07-01,10893.0,11982.0,5463.0,13465.0,15569.0,10834.0,10.0,-49.8,23.6,42.9,-0.5,-54.4,12.4,29.9,-9.6,2024-07-01,10834.0,-0.5,-9.6,-279.7,-158.7,-53.2,-180.3,-0.1,66.8,25.5,-90.6,758.7,688.3,862.4,1096.3,-33.9,-22.1,-40.5,-41.0,-0.7,14.6,10.4,1.1,-55.0,-25.9,29.0,-20.6,-148.1,-103.6,-98.4,-102.7,-0.4,-0.4,-0.5,-0.5,-0.7,19.8,88.0,24.8,-40.7,-41.1,-41.2,-41.6,0.0,0.0,0.0,0.0,-478.8,-596.4,-834.7,-825.4
A402030,코난테크놀로지,2022-07-07,12218.0,14955.0,13538.0,31767.0,35677.0,,22.4,10.8,160.0,192.0,,-9.5,112.4,138.6,,2024-07-05,18738.0,53.4,25.3,-159.0,-261.0,-239.1,,-45.0,-85.5,-116.9,,206.4,378.7,421.4,,-25.4,-49.2,-26.6,,0.2,-0.3,2.7,,-23.9,-30.6,-31.4,,-102.9,-184.7,-187.0,,0.6,0.6,0.6,,-0.7,10.0,9.5,,-7.0,-6.9,-7.0,,0.0,0.0,0.0,,-2.4,-32.2,-65.4,
A112290,와이씨켐,2022-07-14,9305.0,8229.0,5928.0,6873.0,5357.0,,-11.6,-36.3,-26.1,-42.4,,-28.0,-16.5,-34.9,,2024-07-12,10630.0,14.2,29.2,-276.9,-313.2,-324.5,,-1.0,5.6,14.2,,405.3,474.8,477.0,,-36.4,-51.0,-60.8,,-0.3,-0.6,-0.6,,-2.6,12.9,12.8,,-117.9,-145.8,-147.2,,-0.8,-0.8,-0.8,,-0.3,3.2,3.2,,-118.7,-131.1,-131.1,,0.0,0.0,0.0,,-127.5,-167.3,-166.6,
A403870,HPSP,2022-07-15,6250.0,10813.0,14675.0,35650.0,41200.0,41300.0,73.0,134.8,470.4,559.2,560.8,35.7,229.7,281.0,281.9,2024-07-15,41300.0,560.8,281.9,148.9,-516.4,-303.4,-793.4,444.5,2051.8,3453.7,2932.5,33.3,-478.9,-1223.1,31.3,-50.9,-76.3,228.1,43.3,29.2,35.3,-14.7,-27.2,462.5,243.7,288.9,353.3,-248.1,-545.8,-506.9,-785.0,0.2,-2.5,-7.3,-6.1,337.8,302.0,152.4,84.3,-381.8,-472.8,-444.0,-456.0,0.0,0.0,0.0,0.0,-626.8,-1056.5,-1927.2,-2170.3
A328130,루닛,2022-07-21,6789.0,9052.0,8973.0,38473.0,32531.0,,33.3,32.2,466.7,379.2,,-0.9,325.0,259.4,,2024-07-19,22008.0,224.2,143.1,-270.5,-1278.3,-992.7,,-6.7,-1854.8,-2185.2,,403.3,4958.1,4970.5,,-85.8,-108.6,-195.0,,-3.8,-21.8,-13.8,,-89.0,-506.2,-201.2,,-49.6,5.5,-246.4,,0.2,2.6,2.8,,30.1,-200.6,108.8,,-72.7,-449.1,-447.8,,0.0,0.0,0.0,,-126.0,-1825.0,-1792.6,
A365340,성일하이텍,2022-07-28,50000.0,88200.0,104800.0,138500.0,90400.0,,76.4,109.6,177.0,80.8,,18.8,57.0,2.5,,2024-07-26,62500.0,25.0,-29.1,-1476.7,-1976.5,-2129.7,,-3.2,-42.1,70.9,,2469.6,3513.5,3525.0,,-237.9,-561.2,-485.5,,-12.9,-6.2,-18.9,,273.4,187.9,103.2,,-1529.2,-1695.4,-1677.7,,-6.3,-6.3,-6.9,,66.8,211.5,63.3,,-30.7,-106.9,-107.2,,0.0,0.0,0.0,,-989.7,-1495.0,-1466.2,
A397030,에이프릴바이오,2022-07-28,8004.0,10930.0,8159.0,10555.0,13430.0,,36.6,1.9,31.9,67.8,,-25.4,-3.4,22.9,,2024-07-26,18600.0,132.4,70.2,-270.1,-395.9,-672.1,,11.6,24.2,136.1,,363.1,494.6,755.4,,-0.6,-6.3,-21.7,,5.9,7.8,7.0,,15.4,-18.8,-39.1,,-68.9,-91.5,-116.1,,0.0,0.0,0.0,,3.2,11.2,30.6,,-225.1,-298.3,-532.9,,0.0,0.0,0.0,,-104.6,-122.9,-219.4,
A368600,아이씨에이치,2022-07-29,10196.0,8097.0,6295.0,4811.0,4946.0,3970.0,-20.6,-38.3,-52.8,-51.5,-61.1,-22.3,-40.6,-38.9,-51.0,2024-07-29,3970.0,-61.1,-51.0,-314.4,-314.9,-324.7,-329.7,1.2,1.5,4.0,-2.1,402.6,397.1,406.1,424.1,-23.8,-9.4,-19.8,-22.0,-5.9,-5.9,-5.9,-5.9,-50.3,-54.0,-54.0,-53.6,-97.4,-108.3,-107.8,-110.6,-0.3,-0.3,-0.3,-0.3,-112.1,-112.1,-112.1,-112.1,-24.6,-24.9,-24.9,-25.2,0.0,0.0,0.0,0.0,-89.4,-83.7,-85.4,-92.3
A107600,새빗켐,2022-08-04,35000.0,72500.0,98000.0,88300.0,56300.0,,107.1,180.0,152.3,60.9,,35.2,21.8,-22.3,,2024-08-02,28650.0,-18.1,-60.5,-577.6,-939.5,-959.6,,-86.6,-145.2,-156.7,,947.7,1367.5,1397.1,,-174.8,-357.3,-345.3,,-6.4,-12.2,-12.4,,-22.9,-45.2,-75.1,,-358.4,-506.7,-508.6,,-0.2,-0.2,-0.2,,-0.5,-0.4,-0.4,,-14.5,-17.5,-17.6,,0.0,0.0,0.0,,-283.4,-282.7,-280.7,
A148930,에이치와이티씨,2022-08-09,15000.0,15850.0,10190.0,9110.0,6920.0,4735.0,5.7,-32.1,-39.3,-53.9,-68.4,-35.7,-42.5,-56.3,-70.1,2024-08-09,4735.0,-68.4,-70.1,-273.8,-291.6,-274.2,-262.6,-0.9,6.2,4.3,-0.7,304.5,377.4,383.8,425.3,-54.1,-60.4,-42.0,-30.3,-0.6,-0.6,-0.6,-0.6,-40.3,-40.6,-40.6,-40.6,-139.5,-150.2,-150.3,-150.3,-1.5,-1.5,-2.5,-2.5,-6.5,-6.5,-6.5,-6.5,-31.3,-31.7,-31.7,-31.7,0.0,0.0,0.0,0.0,-29.8,-92.1,-113.9,-162.0
A129920,대성하이텍,2022-08-22,9000.0,14600.0,9040.0,7790.0,6360.0,4280.0,62.2,0.4,-13.4,-29.3,-52.4,-38.1,-46.6,-56.4,-70.7,2024-08-22,4280.0,-52.4,-70.7,-437.1,-472.1,-476.6,-484.1,-58.6,-62.9,-64.8,-71.2,626.9,673.8,680.8,695.9,-32.3,-26.9,-32.2,-32.3,-0.7,-0.6,-0.6,-0.6,-14.5,-31.3,-36.0,-36.9,-156.9,-164.6,-159.1,-165.6,-0.2,-0.2,-0.2,-0.2,6.2,-0.8,-0.8,-0.8,-238.9,-247.7,-247.7,-247.7,0.0,0.0,0.0,0.0,-131.1,-138.8,-139.3,-140.6
A394280,오픈엣지테크놀로지,2022-09-26,10000.0,10050.0,24100.0,17740.0,28150.0,13730.0,0.5,141.0,77.4,181.5,37.3,139.8,76.5,180.1,36.6,2024-09-26,13730.0,37.3,36.6,-193.8,-76.0,81.1,-61.4,-174.1,-270.0,-189.3,-327.5,762.0,733.1,497.9,760.9,-19.7,-16.0,-14.5,-68.1,1.1,21.8,46.4,17.8,13.0,77.7,84.7,93.2,-94.7,-88.6,-40.4,-66.4,-88.6,-88.6,-88.8,-89.8,0.0,21.3,92.9,51.9,-4.9,-3.7,0.8,0.1,0.0,0.0,0.0,0.0,-394.1,-387.2,-389.7,-372.0
A314140,알피바이오,2022-09-29,13000.0,18300.0,12520.0,8030.0,9820.0,,40.8,-3.7,-38.2,-24.5,,-31.6,-56.1,-46.3,,2024-09-27,6650.0,-48.8,-63.7,-241.0,-305.1,-305.3,,4.4,7.9,2.0,,282.2,343.5,343.2,,-9.8,-10.9,-10.9,,1.5,0.2,0.2,,34.1,-1.9,-1.9,,-262.3,-287.2,-287.3,,-0.1,-0.1,-0.1,,-0.1,-0.9,-0.9,,-4.3,-4.3,-4.3,,0.0,0.0,0.0,,-45.6,-46.3,-39.9,
A393890,더블유씨피,2022-09-30,60000.0,41700.0,47700.0,48650.0,39950.0,20150.0,-30.5,-20.5,-18.9,-33.4,-66.4,14.4,16.7,-4.2,-51.7,2024-09-30,20150.0,-66.4,-51.7,-1426.9,-2009.6,-2659.1,-3332.8,501.1,770.5,474.6,833.9,922.9,1198.4,2447.1,2772.6,-479.7,-1199.1,-1269.2,-1198.9,-16.5,-4.0,37.2,11.5,10.4,181.9,-69.8,-292.5,-1015.9,-1383.1,-1422.3,-1569.2,0.0,-16.7,-19.4,-20.3,100.6,603.5,600.5,487.9,-25.6,-192.1,-516.1,-751.1,0.0,0.0,0.0,0.0,2.9,40.7,-262.7,-273.7
A296640,이노에이엑스,2022-10-07,12500.0,15850.0,11080.0,7080.0,7150.0,5800.0,26.8,-11.4,-43.4,-42.8,-53.6,-30.1,-55.3,-54.9,-63.4,2024-10-07,5800.0,-53.6,-63.4,-123.7,-125.8,-126.5,-126.6,0.1,-0.4,-5.4,-7.4,186.7,189.3,182.2,182.7,-34.9,-30.3,-26.4,-26.4,-0.6,-0.6,-0.6,-0.6,-17.4,-16.9,-19.6,-19.7,-65.5,-72.7,-74.6,-74.7,-0.4,-0.4,-0.4,-0.4,-0.2,-0.2,-0.2,-0.2,-4.7,-4.7,-4.7,-4.7,0.0,0.0,0.0,0.0,-63.1,-63.1,-50.3,-48.6
A417970,모델솔루션,2022-10-07,27000.0,30900.0,24250.0,14600.0,14650.0,9980.0,14.4,-10.2,-45.9,-45.7,-63.0,-21.5,-52.8,-52.6,-67.7,2024-10-07,9980.0,-63.0,-67.7,-336.6,-341.9,-340.5,-341.1,-7.0,-21.9,-20.7,-20.6,484.7,508.1,506.3,507.6,-25.1,-28.8,-29.5,-29.7,-0.9,-0.9,-0.9,-0.9,-157.7,-156.3,-156.3,-156.6,-125.6,-128.5,-126.5,-126.6,-0.7,-0.7,-0.7,-0.7,-0.4,-0.4,-0.4,-0.4,-26.3,-26.3,-26.3,-26.3,0.0,0.0,0.0,0.0,-141.0,-144.3,-145.1,-145.9
A368970,오에스피,2022-10-14,11198.0,13398.0,9065.0,6772.0,6172.0,4513.0,19.6,-19.0,-39.5,-44.9,-59.7,-32.3,-49.5,-53.9,-66.3,2024-10-14,4513.0,-59.7,-66.3,-166.8,-171.5,-156.9,-171.4,14.7,1.2,1.5,1.5,167.8,185.5,172.3,189.0,-27.4,-28.0,-23.9,-26.6,-1.0,-1.0,-1.0,-1.0,-28.3,-26.8,-27.2,-32.8,-63.1,-68.7,-57.9,-64.1,-0.3,-0.3,-0.3,-0.3,-0.5,-0.5,-0.5,-0.5,-46.0,-46.0,-46.0,-46.0,0.0,0.0,0.0,0.0,-15.8,-15.1,-17.0,-19.0
A389500,에스비비테크,2022-10-17,12400.0,31050.0,56900.0,37200.0,26900.0,16260.0,150.4,358.9,200.0,116.9,31.1,83.3,19.8,-13.4,-47.6,2024-10-17,16260.0,31.1,-47.6,-887.9,-889.8,-860.1,-872.6,305.2,-45.1,-58.4,-63.6,687.9,1052.6,1037.2,1056.4,-66.4,-35.6,-28.4,-27.3,-0.6,-0.5,0.4,0.1,-56.8,-67.2,-69.2,-78.9,-704.8,-726.8,-725.9,-726.2,-46.3,-46.3,-46.3,-46.3,-2.3,-2.6,20.1,16.8,-10.8,-10.8,-10.8,-10.8,0.0,0.0,0.0,0.0,-105.2,-117.7,-118.8,-120.1
A360070,탑머티리얼,2022-10-18,30000.0,37000.0,79900.0,52900.0,59600.0,35700.0,23.3,166.3,76.3,98.7,19.0,115.9,43.0,61.1,-3.5,2024-10-18,35700.0,19.0,-3.5,-408.7,-495.6,-475.5,-416.9,-104.7,-77.7,-28.7,-301.3,516.9,565.6,492.8,713.6,-56.4,-75.2,-115.3,-65.1,-0.4,0.1,2.3,1.9,-83.1,-96.2,-47.3,-35.5,-260.5,-314.3,-316.3,-318.0,1.5,1.1,0.3,0.3,-1.0,-1.0,10.7,9.5,-8.9,-10.0,-9.9,-9.9,0.0,0.0,0.0,0.0,-3.4,7.7,11.5,4.5
A378800,샤페론,2022-10-19,4399.0,7592.0,5349.0,3202.0,1883.0,,72.6,21.6,-27.2,-57.2,,-29.5,-57.8,-75.2,,2024-10-18,3409.0,-22.5,-55.1,-299.2,-322.2,-329.9,,8.4,-6.0,-6.6,,547.2,613.6,623.3,,-44.5,-47.1,-47.1,,0.0,-0.0,-0.0,,-15.5,-14.1,-15.1,,-111.9,-112.5,-112.2,,0.0,0.0,0.0,,-2.5,-2.6,-9.6,,-124.8,-145.9,-145.9,,0.0,0.0,0.0,,-256.4,-285.3,-286.9,
A291810,핀텔,2022-10-20,8900.0,10850.0,7010.0,4425.0,2980.0,,21.9,-21.2,-50.3,-66.5,,-35.4,-59.2,-72.5,,2024-10-18,2045.0,-77.0,-81.2,-192.1,-200.1,-201.6,,-5.5,-14.5,-15.5,,345.2,361.2,364.1,,-50.1,-54.4,-55.7,,-0.5,-0.5,-0.5,,-39.3,-39.4,-39.4,,-94.7,-98.4,-98.6,,-0.1,-0.1,-0.1,,-0.3,-0.3,-0.3,,-7.1,-7.1,-7.1,,0.0,0.0,0.0,,-147.5,-146.7,-147.0,
A405000,플라즈맵,2022-10-21,69336.0,66364.0,61411.0,41056.0,26298.0,19612.0,-4.3,-11.4,-40.8,-62.1,-71.7,-7.5,-38.1,-60.4,-70.4,2024-10-21,19612.0,-71.7,-70.4,-401.5,-448.4,-459.8,-460.2,-20.9,-10.4,-10.6,-11.1,455.3,484.5,498.8,495.8,-19.6,-21.7,-21.6,-21.6,0.0,0.0,0.0,0.0,-0.7,-15.2,-16.9,-16.9,-123.1,-139.4,-142.1,-142.4,-75.5,-75.5,-75.5,-75.5,-10.9,-10.9,-10.9,-10.9,-171.7,-185.6,-192.9,-192.9,0.0,0.0,0.0,0.0,-33.0,-25.7,-28.4,-24.5
A419120,산돌,2022-10-27,9658.0,10711.0,6719.0,3606.0,4644.0,,10.9,-30.4,-62.7,-51.9,,-37.3,-66.3,-56.6,,2024-10-25,3319.0,-65.6,-69.0,-107.4,-124.8,-139.4,,-17.2,-16.9,-22.8,,174.7,183.0,217.9,,7.5,16.4,16.0,,-0.2,-0.2,-0.2,,-22.7,-28.3,-29.8,,-68.7,-89.4,-102.2,,-0.1,-0.1,-0.1,,-0.6,-0.6,-0.6,,-22.6,-22.6,-22.5,,0.0,0.0,0.0,,-50.1,-41.2,-55.6,
A417840,저스템,2022-10-28,3555.0,4198.0,5515.0,3940.0,4533.0,2712.0,18.1,55.1,10.8,27.5,-23.7,31.4,-6.1,8.0,-35.4,2024-10-28,2712.0,-23.7,-35.4,-159.7,-144.8,-190.6,-203.8,-47.3,-45.2,-61.9,-63.2,358.9,322.2,408.7,424.4,-35.7,-36.3,-37.6,-38.3,-0.0,-0.2,-0.2,-0.2,-18.5,3.4,-15.5,-25.1,-90.7,-98.2,-123.9,-126.8,0.0,0.0,0.0,0.0,-0.6,-0.7,-0.7,-0.7,-14.1,-12.7,-12.7,-12.7,0.0,0.0,0.0,0.0,-151.9,-132.2,-156.3,-157.5
A405100,큐알티,2022-11-02,14687.0,12801.0,12930.0,14040.0,24500.0,,-12.8,-12.0,-4.4,66.8,,1.0,9.7,91.4,,2024-11-01,13910.0,-5.3,8.7,-187.7,-231.0,-274.5,,-19.2,-17.7,40.9,,204.1,220.4,788.0,,-43.9,-48.2,-147.0,,-1.4,-1.4,3.4,,-73.8,-72.7,-54.0,,-56.5,-96.5,-133.2,,0.0,0.0,0.0,,-7.6,-7.6,60.9,,-4.5,-4.5,-4.6,,0.0,0.0,0.0,,2.9,28.3,-554.5,
A348340,뉴로메카,2022-11-04,16104.0,20059.0,31970.0,33066.0,33304.0,18963.0,24.6,98.5,105.3,106.8,17.8,59.4,64.8,66.0,-5.5,2024-11-04,18963.0,17.8,-5.5,-591.1,-515.2,-502.8,-515.2,19.9,-71.6,-106.2,-106.2,1201.1,1264.9,1334.4,1347.9,-203.0,-186.2,-148.0,-155.1,2.9,20.1,1.8,1.7,-35.0,17.2,-2.5,4.0,-194.9,-205.5,-210.0,-212.3,-55.9,-55.8,-56.4,-56.4,-5.0,-4.9,10.6,1.3,-100.4,-100.2,-98.3,-98.5,0.0,0.0,0.0,0.0,-629.9,-678.0,-725.5,-726.4
A417500,제이아이테크,2022-11-04,4001.0,2976.0,4324.0,3700.0,5200.0,3350.0,-25.6,8.1,-7.5,30.0,-16.3,45.3,24.3,74.7,12.6,2024-11-04,3350.0,-16.3,12.6,-180.7,-233.2,-173.9,-161.2,-8.1,-26.3,-47.6,-53.8,269.8,426.9,381.0,381.1,-15.2,-34.6,-1.0,26.8,-0.0,-1.4,-0.9,-1.2,-18.7,-41.4,-30.6,-43.3,-82.4,-91.4,-79.9,-79.8,0.0,0.0,0.0,0.0,-0.4,-0.4,2.2,0.0,-64.0,-64.0,-63.6,-63.6,0.0,0.0,0.0,0.0,-81.1,-167.5,-159.6,-166.1
A383930,디티앤씨알오,2022-11-11,8500.0,6925.0,6000.0,4055.0,8430.0,6460.0,-18.5,-29.4,-52.3,-0.8,-24.0,-13.4,-41.4,21.7,-6.7,2024-11-11,6460.0,-24.0,-6.7,-136.2,-168.1,-194.9,-194.6,21.4,15.9,1.8,-8.8,155.8,200.7,315.2,323.7,-23.5,-45.4,-43.5,-43.7,-4.8,-5.2,-5.2,-5.2,-12.6,-14.1,-14.1,-13.7,-81.0,-83.9,-84.8,-84.8,0.0,0.0,0.0,0.0,-6.9,-6.9,-6.9,-6.9,-7.4,-12.5,-40.3,-40.3,0.0,0.0,0.0,0.0,-41.0,-48.5,-122.1,-120.3
A372170,윤성에프앤씨,2022-11-14,49000.0,40450.0,149500.0,112200.0,71000.0,44300.0,-17.4,205.1,129.0,44.9,-9.6,269.6,177.4,75.5,9.5,2024-11-14,44300.0,-9.6,9.5,-520.8,-550.2,-553.5,-527.7,-940.9,-614.1,-643.9,-680.4,1956.6,1637.6,1679.8,1653.3,-109.9,-173.8,-193.8,-170.4,-13.1,-12.6,-12.6,-12.4,-177.2,-100.6,-93.5,-94.1,-181.6,-243.0,-238.2,-239.9,0.0,0.0,0.0,0.0,-16.5,2.1,7.0,11.5,-22.5,-22.4,-22.4,-22.5,0.0,0.0,0.0,0.0,-494.9,-473.3,-482.4,-445.2
A204610,티쓰리,2022-11-17,1700.0,2085.0,1744.0,1389.0,1165.0,,22.6,2.6,-18.3,-31.5,,-16.4,-33.4,-44.1,,2024-11-15,1312.0,-22.8,-37.1,-227.0,-232.4,-226.1,,-138.3,-198.4,-278.5,,439.8,448.8,479.9,,-38.9,-39.1,-38.1,,-0.2,-0.2,0.0,,-17.6,-21.4,-19.8,,-163.1,-164.3,-160.9,,-0.0,-0.0,-0.0,,-1.9,-1.9,-1.9,,-5.4,-5.4,-5.4,,0.0,0.0,0.0,,-74.4,-18.0,24.7,
A425420,티에프이,2022-11-17,10500.0,9260.0,9150.0,44850.0,34250.0,,-11.8,-12.9,327.1,226.2,,-1.2,384.3,269.9,,2024-11-15,12250.0,16.7,32.3,-155.1,-105.8,-64.4,,6.7,3.5,-35.7,,155.4,102.4,102.6,,-44.6,-67.3,-138.7,,-0.2,3.3,8.1,,-8.1,61.3,154.0,,-95.0,-100.1,-96.0,,-0.1,-0.1,-0.1,,-0.2,-1.3,8.1,,-6.9,-1.5,0.2,,0.0,0.0,0.0,,-7.0,-0.0,-2.5,
A419080,엔젯,2022-11-18,10000.0,10850.0,23350.0,13000.0,13040.0,10170.0,8.5,133.5,30.0,30.4,1.7,115.2,19.8,20.2,-6.3,2024-11-18,10170.0,1.7,-6.3,-214.0,-265.6,-370.8,-354.6,-123.8,-108.1,-135.7,-153.5,417.5,582.6,691.6,680.6,-49.9,-42.8,-48.5,-3.2,12.0,3.7,3.6,3.6,68.2,67.1,39.5,19.7,-19.2,-21.9,-75.3,-84.6,0.0,0.0,0.0,0.0,30.4,19.3,0.8,0.8,-255.6,-290.9,-290.9,-290.9,0.0,0.0,0.0,0.0,-79.8,-208.9,-185.1,-172.5
A389470,인벤티지랩,2022-11-22,12000.0,14950.0,9230.0,15850.0,10020.0,14000.0,24.6,-23.1,32.1,-16.5,16.7,-38.3,6.0,-33.0,-6.4,2024-11-22,14000.0,16.7,-6.4,-99.9,-99.7,-103.0,-239.1,-3.5,-22.5,-44.1,-78.2,216.1,680.2,703.9,973.3,-17.5,-3.5,-0.6,-40.7,0.0,2.0,1.3,8.2,-0.9,-7.3,0.1,-39.2,-48.4,-18.7,-31.6,-91.6,0.0,0.5,0.5,0.7,0.0,2.2,2.2,-1.6,-33.1,-74.9,-74.9,-74.9,0.0,0.0,0.0,0.0,-112.7,-558.0,-556.8,-656.0
A168360,펨트론,2022-11-24,4000.0,4605.0,6590.0,7875.0,7170.0,,15.1,64.8,96.9,79.2,,43.1,71.0,55.7,,2024-11-22,7530.0,88.2,63.5,3.6,-49.7,-123.5,,-7.4,55.6,12.3,,130.9,138.2,260.0,,-9.5,-70.6,-40.0,,7.6,11.8,0.1,,10.0,23.0,-39.2,,7.6,-13.7,-45.6,,0.0,0.4,-1.8,,8.9,19.8,23.1,,-21.1,-20.5,-20.1,,0.0,0.0,0.0,,-127.0,-144.1,-148.8,
A419530,SAMG엔터,2022-12-06,17000.0,23450.0,28450.0,21950.0,11280.0,12190.0,37.9,67.4,29.1,-33.6,-28.3,21.3,-6.4,-51.9,-48.0,2024-12-06,12190.0,-28.3,-48.0,-953.0,-1021.1,-1117.7,-1169.7,-14.1,111.1,14.5,26.8,1107.8,1039.9,1232.5,1273.5,-106.5,-107.0,-136.6,-133.1,29.2,21.3,17.1,16.6,254.4,201.9,163.0,158.2,-453.2,-464.3,-464.3,-490.4,2.9,2.0,0.3,0.3,53.2,57.5,35.0,26.2,-733.1,-732.4,-732.2,-747.5,0.0,0.0,0.0,0.0,-140.7,-129.9,-129.3,-130.6
A198940,한주라이트메탈,2023-01-19,4403.0,7585.0,7358.0,4830.0,2494.0,,72.3,67.1,9.7,-43.4,,-3.0,-36.3,-67.1,,2025-01-17,1558.0,-64.6,-79.5,-190.2,-218.6,-241.5,,-47.1,-48.5,-48.4,,322.3,350.8,372.0,,-29.6,-29.6,-49.0,,-0.0,-0.0,-0.0,,-25.1,-25.1,-25.1,,-130.0,-158.4,-161.9,,-0.1,-0.1,-0.1,,-0.5,-0.5,-0.5,,-4.8,-4.8,-4.8,,0.0,0.0,0.0,,-85.0,-83.7,-82.1,
A425040,티이엠씨,2023-01-19,14000.0,14050.0,25250.0,21000.0,14740.0,,0.4,80.4,50.0,5.3,,79.7,49.5,4.9,,2025-01-17,8880.0,-36.6,-36.8,245.3,371.3,-40.4,,1.6,-9.7,-37.7,,449.6,510.9,1009.7,,-189.7,-192.6,-190.3,,26.2,58.8,26.4,,109.6,136.2,9.3,,-112.6,-149.6,-177.8,,2.7,3.2,2.6,,409.4,511.0,285.1,,-0.2,4.4,4.1,,0.0,0.0,0.0,,-696.5,-872.5,-931.6,
A254490,미래반도체,2023-01-27,6000.0,15600.0,24100.0,22000.0,12540.0,,160.0,301.7,266.7,109.0,,54.5,41.0,-19.6,,2025-01-24,13320.0,122.0,-14.6,-378.8,-386.2,-387.1,,-30.7,-50.3,-39.7,,424.5,450.4,441.1,,-78.4,-78.3,-78.3,,-0.2,-0.2,-0.2,,-27.0,-27.0,-27.6,,-258.7,-266.2,-266.6,,-0.3,-0.3,-0.3,,-0.9,-0.9,-0.9,,-13.3,-13.3,-13.3,,0.0,0.0,0.0,,-15.0,-13.9,-14.3,
A417860,오브젠,2023-01-30,18000.0,46800.0,46000.0,22350.0,13650.0,,160.0,155.6,24.2,-24.2,,-1.7,-52.2,-70.8,,2025-01-24,8770.0,-51.3,-81.3,-317.8,-308.3,-315.9,,-31.3,-32.6,-41.6,,376.2,369.0,384.0,,-103.1,-94.2,-98.6,,0.6,0.6,0.6,,-70.1,-64.3,-68.0,,-138.1,-143.4,-142.8,,-0.3,-0.3,-0.3,,-1.5,-1.5,-1.5,,-5.2,-5.2,-5.2,,0.0,0.0,0.0,,-27.2,-28.1,-26.5,
A419050,삼기에너지솔루션즈,2023-02-03,2751.0,6716.0,3554.0,2890.0,1693.0,1615.0,144.1,29.2,5.1,-38.5,-41.3,-47.1,-57.0,-74.8,-76.0,2025-02-03,1615.0,-41.3,-76.0,-790.3,-868.7,-868.7,-869.0,-40.9,-51.1,-54.6,-56.0,969.0,1162.7,1173.9,1176.1,-110.0,-143.4,-143.4,-143.4,-0.4,-0.4,-0.4,-0.4,-109.9,-116.7,-116.7,-116.9,-510.6,-548.2,-548.2,-548.2,-45.3,-45.3,-45.3,-45.3,-6.8,-6.8,-6.8,-6.8,-7.2,-7.8,-7.8,-7.8,0.0,0.0,0.0,0.0,-137.8,-242.9,-250.6,-251.1
A408900,스튜디오미르,2023-02-07,3253.0,8459.0,4939.0,5281.0,2690.0,2475.0,160.0,51.8,62.3,-17.3,-23.9,-41.6,-37.6,-68.2,-70.7,2025-02-07,2475.0,-23.9,-70.7,-293.2,-328.2,-336.0,-335.6,-39.6,-38.2,-40.4,-33.9,402.3,399.5,436.9,430.9,-80.2,-88.5,-93.4,-92.8,0.1,-0.6,-0.6,-0.6,2.0,-5.9,-4.5,-4.8,-203.9,-221.6,-225.7,-225.7,-0.2,-0.2,-0.2,-0.2,-0.4,-0.8,-0.8,-0.8,-10.7,-10.7,-10.7,-10.7,0.0,0.0,0.0,0.0,-69.5,-33.0,-60.6,-61.4
A407400,꿈비,2023-02-09,3890.0,10115.0,8780.0,10830.0,6750.0,,160.0,125.7,178.4,73.5,,-13.2,7.1,-33.3,,2025-02-07,8440.0,117.0,-16.6,-337.4,-347.6,-349.0,,-17.6,-33.5,-34.9,,363.4,396.0,400.2,,-83.3,-86.3,-86.3,,-0.3,-0.3,-0.3,,-27.7,-27.3,-27.4,,-217.7,-225.3,-226.7,,-0.2,-0.2,-0.2,,-0.4,-0.4,-0.4,,-7.8,-7.8,-7.7,,0.0,0.0,0.0,,-8.3,-14.9,-16.3,
A411080,샌즈랩,2023-02-15,10500.0,24900.0,8670.0,9390.0,6370.0,,137.1,-17.4,-10.6,-39.3,,-65.2,-62.3,-74.4,,2025-02-14,8980.0,-14.5,-63.9,-649.7,-641.7,-651.3,,23.9,45.4,6.7,,631.0,602.4,735.3,,-162.5,-167.0,-168.0,,-1.5,2.2,1.0,,-93.4,-96.3,-95.9,,-360.9,-354.4,-360.1,,-1.5,-1.5,-1.5,,-1.7,3.3,1.2,,-28.0,-27.9,-28.0,,0.0,0.0,0.0,,-5.3,-6.0,-90.7,
A418550,제이오,2023-02-16,13000.0,21500.0,27000.0,22900.0,16530.0,,65.4,107.7,76.2,27.2,,25.6,6.5,-23.1,,2025-02-14,13040.0,0.3,-39.3,-1555.7,-1586.1,-1775.5,,29.8,48.0,12.9,,1984.4,2024.6,2402.3,,-34.1,-72.4,-62.7,,10.8,23.2,9.6,,62.8,140.2,97.3,,-1761.4,-1832.0,-1986.7,,0.7,0.3,-0.1,,247.6,236.5,249.2,,-82.1,-81.8,-82.3,,0.0,0.0,0.0,,-458.6,-486.6,-639.6,
A199730,바이오인프라,2023-03-02,21000.0,29400.0,14590.0,10150.0,8300.0,,40.0,-30.5,-51.7,-60.5,,-50.4,-65.5,-71.8,,2025-02-28,5600.0,-73.3,-81.0,-141.5,-141.8,-140.1,,2.8,-5.7,-7.9,,159.8,170.0,168.5,,-28.9,-28.7,-26.6,,-0.2,-0.2,-0.2,,-29.0,-28.8,-29.0,,-75.1,-75.7,-75.8,,-0.2,-0.2,-0.2,,-0.2,-0.2,-0.2,,-8.0,-8.0,-8.0,,0.0,0.0,0.0,,-21.0,-22.5,-20.5,
A417010,나노팀,2023-03-03,13000.0,29800.0,20100.0,12210.0,12030.0,,129.2,54.6,-6.1,-7.5,,-32.6,-59.0,-59.6,,2025-02-28,7260.0,-44.2,-75.6,-866.5,-965.7,-1006.7,,-44.1,1.7,2.3,,1239.7,1362.4,1399.2,,-78.5,-115.2,-118.3,,18.1,11.2,10.5,,48.2,38.2,32.7,,-217.3,-241.0,-256.7,,-0.3,-0.3,-0.3,,-358.2,-379.9,-395.6,,-278.5,-278.7,-278.9,,0.0,0.0,0.0,,-329.2,-398.4,-394.8,
A389020,자람테크놀로지,2023-03-07,22000.0,42700.0,34000.0,50300.0,32600.0,40750.0,94.1,54.5,128.6,48.2,85.2,-20.4,17.8,-23.7,-4.6,2025-03-07,40750.0,85.2,-4.6,-306.3,-265.9,-723.0,-743.6,31.5,26.9,0.1,-51.5,293.1,363.6,893.0,960.3,-38.3,-34.9,-36.3,-38.0,1.9,6.5,-5.4,-4.7,-11.7,34.7,-124.4,-113.5,-145.8,-126.2,-151.7,-165.3,-115.3,-140.5,-321.7,-321.7,47.8,39.3,-38.6,-31.3,-44.9,-44.7,-45.0,-69.3,0.0,0.0,0.0,0.0,-18.3,-124.5,-170.1,-165.2
A282720,금양그린파워,2023-03-13,10000.0,16200.0,12380.0,11930.0,12730.0,8720.0,62.0,23.8,19.3,27.3,-12.8,-23.6,-26.4,-21.4,-46.2,2025-03-13,8720.0,-12.8,-46.2,-382.0,-400.8,-540.3,-541.9,-94.6,-98.9,-108.8,-104.4,488.8,511.5,665.2,661.7,-62.4,-62.9,-62.9,-62.9,-0.9,-0.9,-0.9,-0.9,-30.4,-31.5,-29.9,-31.7,-273.4,-290.6,-431.7,-431.4,-0.1,-0.1,-0.1,-0.1,-0.3,-0.2,-0.3,-0.3,-14.5,-14.5,-14.5,-14.5,0.0,0.0,0.0,0.0,-12.2,-11.8,-16.0,-15.5
A309960,LB인베스트먼트,2023-03-29,5100.0,8450.0,4130.0,4165.0,4105.0,,65.7,-19.0,-18.3,-19.5,,-51.1,-50.7,-51.4,,2025-03-28,3515.0,-31.1,-58.4,-199.4,-191.0,-190.1,,-31.9,-33.1,-33.3,,236.2,230.8,229.4,,-33.3,-25.6,-25.5,,-0.1,-0.1,-0.1,,-19.3,-18.5,-17.7,,-137.8,-137.9,-137.9,,-0.1,-0.1,-0.1,,-0.8,-0.8,-0.8,,-8.0,-8.0,-8.0,,0.0,0.0,0.0,,-4.9,-6.7,-6.0,
A358570,지아이이노베이션,2023-03-30,5414.0,8434.0,10891.0,12007.0,10225.0,,55.8,101.2,121.8,88.9,,29.1,42.4,21.2,,2025-03-28,12465.0,130.2,47.8,-306.8,-269.5,-258.1,,-26.7,-16.5,20.1,,452.8,405.1,368.9,,-44.8,-21.2,-44.9,,44.1,49.8,101.5,,221.1,283.9,226.5,,-303.1,-324.7,-352.8,,-101.0,-102.0,-102.0,,159.3,193.6,289.8,,-282.5,-348.8,-376.1,,0.0,0.0,0.0,,-119.3,-119.0,-130.9,
A424980,마이크로투나노,2023-04-26,15500.0,20650.0,12320.0,17700.0,8970.0,,33.2,-20.5,14.2,-42.1,,-40.3,-14.3,-56.6,,2025-04-25,8730.0,-43.7,-57.7,-229.3,-225.7,-234.6,,-21.6,-25.7,-25.2,,462.4,460.3,470.7,,-22.6,-21.6,-22.6,,-0.6,2.1,-0.9,,-21.3,-15.1,-29.3,,-144.2,-150.4,-141.1,,-0.1,-0.1,-0.1,,-0.3,-0.3,-0.3,,-40.3,-40.4,-40.3,,0.0,0.0,0.0,,-211.5,-208.9,-210.9,
A304360,에스바이오메딕스,2023-05-04,18000.0,18830.0,8010.0,38500.0,30150.0,,4.6,-55.5,113.9,67.5,,-57.5,104.5,60.1,,2025-05-02,21350.0,18.6,13.4,-216.7,-260.0,-306.3,,5.4,-8.3,-63.7,,429.4,606.8,809.1,,-95.7,-104.6,-102.1,,-0.3,-0.3,-0.3,,-13.6,-55.1,-83.6,,-101.2,-90.4,-110.6,,-0.0,-0.0,-0.0,,0.1,0.1,0.1,,-5.8,-9.7,-9.7,,0.0,0.0,0.0,,-218.2,-338.4,-439.1,
A417790,트루엔,2023-05-17,12000.0,17200.0,10280.0,10440.0,9700.0,,43.3,-14.3,-13.0,-19.2,,-40.2,-39.3,-43.6,,2025-05-16,9240.0,-23.0,-46.3,-344.5,-292.7,-305.8,,-27.0,-30.6,-28.9,,408.9,384.4,387.8,,-50.1,-7.4,-8.9,,-0.5,-1.0,-1.0,,-37.9,-35.2,-38.3,,-147.3,-140.3,-149.3,,-0.2,-0.2,-0.2,,-1.0,-1.0,-1.0,,-107.6,-107.5,-107.2,,0.0,0.0,0.0,,-37.4,-61.2,-53.2,
A340810,시선AI,2023-05-19,15000.0,13920.0,7470.0,5700.0,2865.0,3990.0,-7.2,-50.2,-62.0,-80.9,-73.4,-46.3,-59.1,-79.4,-71.3,2025-05-19,3990.0,-73.4,-71.3,-124.8,-132.8,-134.2,-136.3,-33.6,-43.1,-44.1,-47.5,189.7,208.7,225.6,230.1,-28.4,-31.8,-31.8,-31.5,-0.0,-0.0,-0.0,-0.0,0.9,-2.0,-3.7,-4.9,-78.7,-80.3,-80.1,-81.3,0.0,0.0,0.0,0.0,-0.2,-0.2,-0.2,-0.2,-18.4,-18.4,-18.4,-18.4,0.0,0.0,0.0,0.0,-31.3,-32.9,-47.2,-46.3
A434480,모니터랩,2023-05-19,9800.0,14200.0,6720.0,6020.0,3540.0,4450.0,44.9,-31.4,-38.6,-63.9,-54.6,-52.7,-57.6,-75.1,-68.7,2025-05-19,4450.0,-54.6,-68.7,-441.5,-443.0,-444.6,-444.5,-34.5,-42.2,-47.0,-66.4,554.1,565.5,585.0,604.4,-47.0,-49.9,-49.9,-50.1,-0.6,-0.6,-0.6,-0.6,7.0,6.3,7.7,8.4,-157.8,-155.7,-158.7,-159.1,-129.2,-129.2,-129.2,-129.2,-55.2,-55.2,-55.2,-55.2,-58.7,-58.7,-58.7,-58.7,0.0,0.0,0.0,0.0,-78.1,-80.3,-93.4,-93.5
A420770,기가비스,2023-05-24,43000.0,79000.0,72200.0,63800.0,25950.0,,83.7,67.9,48.4,-39.7,,-8.6,-19.2,-67.2,,2025-05-23,25550.0,-40.6,-67.7,97.2,-397.8,-593.0,,-201.4,-235.1,-227.8,,119.6,828.9,1028.1,,-86.6,-93.7,-125.6,,62.1,62.0,47.4,,159.0,176.2,92.8,,-466.1,-815.4,-829.9,,-1.6,-1.5,-1.4,,456.3,453.5,404.7,,-26.0,-178.9,-181.0,,0.0,0.0,0.0,,-15.4,-195.9,-207.3,
A285800,진영,2023-06-01,5000.0,8680.0,4000.0,3710.0,2285.0,,73.6,-20.0,-25.8,-54.3,,-53.9,-57.3,-73.7,,2025-05-30,2295.0,-54.1,-73.6,-324.1,-339.8,-339.7,,-4.6,-6.7,-6.0,,338.3,355.8,348.8,,-66.9,-76.4,-76.4,,-0.4,-0.4,-0.4,,-24.6,-29.9,-29.9,,-138.0,-138.5,-138.6,,-0.6,-0.6,-0.6,,-0.6,-0.6,-0.4,,-92.9,-93.3,-93.3,,0.0,0.0,0.0,,-9.6,-9.3,-3.1,
A405920,나라셀라,2023-06-02,10007.0,8756.0,6050.0,4810.0,3390.0,2515.0,-12.5,-39.5,-51.9,-66.1,-74.9,-30.9,-45.1,-61.3,-71.3,2025-06-02,2515.0,-74.9,-71.3,-175.2,-178.9,-172.4,-177.4,-5.0,-8.1,-11.6,-11.1,172.2,168.8,165.4,169.9,-37.4,-38.2,-31.8,-36.3,-0.2,-0.2,-0.2,-0.2,-26.5,-26.9,-26.9,-26.9,-104.5,-107.2,-107.1,-107.6,0.0,0.0,0.0,0.0,-0.4,-0.4,-0.4,-0.4,-6.1,-5.9,-5.9,-5.9,0.0,0.0,0.0,0.0,8.0,18.3,18.6,18.6
A439090,마녀공장,2023-06-08,16000.0,41600.0,20000.0,22600.0,13200.0,,160.0,25.0,41.3,-17.5,,-51.9,-45.7,-68.3,,2025-06-05,17940.0,12.1,-56.9,-394.4,-731.6,-748.5,,-122.8,-138.3,-152.6,,584.7,1341.5,1378.1,,-77.0,-201.8,-200.2,,-3.6,-3.2,-3.0,,-71.7,-57.1,-62.3,,-228.6,-236.1,-244.4,,-0.9,-0.9,-0.9,,-1.0,7.4,1.4,,-11.7,-240.0,-239.2,,0.0,0.0,0.0,,-67.5,-471.6,-477.0,
A348080,큐라티스,2023-06-15,4000.0,5850.0,2250.0,1139.0,612.0,,46.2,-43.8,-71.5,-84.7,,-61.5,-80.5,-89.5,,2025-06-13,1033.0,-74.2,-82.3,-352.3,-370.1,-380.3,,-9.7,-3.7,-10.8,,529.2,545.3,580.1,,-50.5,-52.2,-53.8,,-0.0,-0.0,-0.0,,-85.9,-87.9,-90.7,,-138.0,-151.5,-152.8,,-28.4,-28.4,-28.4,,-0.8,-0.7,-0.8,,-48.8,-49.3,-53.9,,0.0,0.0,0.0,,-167.1,-171.6,-189.0,
A354320,알멕,2023-06-30,50000.0,99500.0,46750.0,36650.0,25650.0,22900.0,99.0,-6.5,-26.7,-48.7,-54.2,-53.0,-63.2,-74.2,-77.0,2025-06-30,22900.0,-54.2,-77.0,-1433.6,-1555.3,-1589.8,-1594.1,-20.7,-70.5,-76.6,-92.6,1651.0,1867.7,1971.0,1994.4,-92.6,-102.4,-104.1,-104.4,-1.6,-1.6,-1.6,-1.5,-140.5,-151.5,-164.2,-164.3,-848.6,-945.0,-962.6,-966.5,-1.1,-1.1,-1.1,-1.1,19.7,16.7,14.3,14.3,-368.9,-370.5,-370.6,-370.6,0.0,0.0,0.0,0.0,-196.7,-241.9,-304.5,-307.7
A440320,오픈놀,2023-06-30,10000.0,15750.0,11660.0,6680.0,5970.0,5500.0,57.5,16.6,-33.2,-40.3,-45.0,-26.0,-57.6,-62.1,-65.1,2025-06-30,5500.0,-45.0,-65.1,-402.9,-402.5,-407.4,-422.5,-17.1,-19.4,-22.8,-31.0,518.5,519.2,530.3,552.9,-39.9,-39.9,-39.8,-55.4,0.0,0.0,0.0,0.0,-27.7,-27.4,-27.6,-31.3,-132.2,-132.2,-136.9,-132.8,-1.3,-1.3,-1.3,-1.3,-0.2,-0.2,-0.2,-0.2,-201.5,-201.5,-201.5,-201.5,0.0,0.0,0.0,0.0,-98.6,-97.4,-100.0,-99.3
A274400,이노시뮬레이션,2023-07-06,15000.0,35000.0,16700.0,7800.0,4805.0,,133.3,11.3,-48.0,-68.0,,-52.3,-77.7,-86.3,,2025-07-04,5140.0,-65.7,-85.3,-572.0,-592.9,-596.8,,-6.7,-23.1,-23.9,,675.4,718.3,722.9,,-90.5,-92.6,-92.2,,11.1,1.1,1.1,,-56.5,-62.6,-66.8,,-213.5,-215.8,-216.0,,-35.1,-35.1,-35.1,,-0.2,-0.2,-0.2,,-187.3,-187.6,-187.6,,0.0,0.0,0.0,,-96.6,-102.3,-102.3,
A378340,필에너지,2023-07-14,17000.0,57300.0,19330.0,19850.0,14450.0,12800.0,237.1,13.7,16.8,-15.0,-24.7,-66.3,-65.4,-74.8,-77.7,2025-07-14,12800.0,-24.7,-77.7,-1238.6,-1378.1,-1372.8,-1413.6,-293.5,-315.4,-304.8,-342.6,1544.3,1736.8,1720.4,1799.4,-381.1,-398.3,-431.0,-438.7,-5.9,-5.9,-1.3,-4.4,-77.3,-74.6,-67.7,-78.2,-741.1,-867.5,-850.4,-863.2,-1.2,-1.2,-0.2,-0.2,-1.8,0.4,8.5,2.3,-30.2,-31.1,-30.7,-31.2,0.0,0.0,0.0,0.0,-12.2,-43.3,-42.9,-43.2
A321370,센서뷰,2023-07-19,4043.0,6136.0,4734.0,3283.0,1349.0,,51.8,17.1,-18.8,-66.6,,-22.8,-46.5,-78.0,,2025-07-18,1462.0,-63.8,-76.2,-421.0,-426.0,-456.6,,-40.7,-49.5,-39.9,,642.6,655.5,675.0,,-78.4,-79.4,-90.6,,-0.4,-0.4,-0.5,,-35.3,-36.7,-36.9,,-214.5,-215.4,-233.8,,-34.8,-34.8,-34.8,,0.0,-0.1,-0.2,,-57.5,-59.2,-59.9,,0.0,0.0,0.0,,-180.9,-180.1,-178.5,
A432430,와이랩,2023-07-20,9000.0,10350.0,9670.0,7370.0,4400.0,,15.0,7.4,-18.1,-51.1,,-6.6,-28.8,-57.5,,2025-07-18,5480.0,-39.1,-47.1,-391.7,-446.9,-467.5,,-40.5,-42.1,-37.7,,581.7,706.9,723.5,,-125.5,-137.2,-155.4,,-1.3,-0.9,-0.9,,-10.8,-15.3,-17.8,,-153.6,-185.2,-185.2,,-0.5,-0.5,-0.5,,6.4,-1.1,-1.1,,-106.3,-106.6,-106.6,,0.0,0.0,0.0,,-149.4,-217.9,-218.3,
A406820,뷰티스킨,2023-07-24,6504.0,8155.0,4168.0,4288.0,3197.0,3152.0,25.4,-35.9,-34.1,-50.8,-51.5,-48.9,-47.4,-60.8,-61.3,2025-07-24,3152.0,-51.5,-61.3,-90.8,-127.3,-131.8,-132.4,-4.4,-8.0,-6.5,-11.3,160.9,209.1,205.7,201.2,-17.1,-33.7,-39.2,-39.2,-0.5,-0.5,-0.5,-0.5,-16.5,-16.6,-16.6,-16.6,-53.1,-71.8,-70.8,-71.4,-0.2,-0.2,-0.2,-0.2,-0.1,-1.0,-1.0,-1.0,-3.3,-3.4,-3.4,-3.4,0.0,0.0,0.0,0.0,-65.8,-73.8,-67.3,-57.5
A438700,버넥트,2023-07-26,16000.0,11700.0,9050.0,4670.0,2810.0,,-26.9,-43.4,-70.8,-82.4,,-22.6,-60.1,-76.0,,2025-07-25,4285.0,-73.2,-63.4,-418.1,-444.1,-445.1,,8.6,-1.9,-0.1,,574.2,612.1,611.3,,-36.9,-40.5,-40.5,,-2.1,-2.1,-2.1,,-36.0,-44.7,-45.2,,-108.2,-121.9,-122.3,,-90.5,-90.5,-90.5,,-2.5,-2.5,-2.5,,-142.0,-142.0,-142.0,,0.0,0.0,0.0,,-164.7,-166.1,-166.1,
A172670,에이엘티,2023-07-27,25000.0,22550.0,24450.0,12090.0,7800.0,,-9.8,-2.2,-51.6,-68.8,,8.4,-46.4,-65.4,,2025-07-25,6940.0,-72.2,-69.2,-37.8,-39.8,-68.3,,-8.5,35.5,6.1,,184.1,244.7,301.9,,-9.6,4.5,11.0,,1.3,2.3,2.0,,33.7,7.5,-5.4,,18.9,18.6,-2.5,,-96.6,-96.6,-96.6,,19.3,28.7,27.9,,-4.8,-4.8,-4.8,,0.0,0.0,0.0,,-137.8,-240.4,-239.7,
A388870,파로스아이바이오,2023-07-27,14000.0,8730.0,13700.0,12130.0,8130.0,,-37.6,-2.1,-13.4,-41.9,,56.9,38.9,-6.9,,2025-07-25,6000.0,-57.1,-31.3,-391.3,-437.6,-457.4,,-31.7,-48.5,-49.6,,821.5,894.6,915.7,,-91.5,-88.6,-84.3,,13.9,2.5,2.5,,75.8,54.8,37.6,,-127.1,-143.9,-150.8,,-133.7,-133.7,-133.7,,0.2,0.2,0.2,,-129.0,-129.0,-129.0,,0.0,0.0,0.0,,-398.5,-408.5,-408.8,
A429270,시지트로닉스,2023-08-03,22790.0,21058.0,10383.0,7183.0,4157.0,,-7.6,-54.4,-68.5,-81.8,,-50.7,-65.9,-80.3,,2025-08-01,5260.0,-76.9,-75.0,-283.8,-339.1,-343.2,,10.0,8.0,6.8,,317.8,398.9,404.2,,-48.6,-48.5,-48.6,,-0.3,-0.3,-0.3,,-6.8,-8.7,-9.2,,-63.0,-93.1,-96.7,,-53.4,-53.4,-53.4,,-13.8,-13.8,-13.8,,-97.9,-121.2,-121.2,,0.0,0.0,0.0,,-44.0,-67.9,-67.8,
A373170,엠아이큐브솔루션,2023-08-04,4003.0,8907.0,4720.0,2569.0,2318.0,2702.0,122.5,17.9,-35.8,-42.1,-32.5,-47.0,-71.2,-74.0,-69.7,2025-08-04,2702.0,-32.5,-69.7,-117.7,-132.4,-137.5,-143.0,-15.3,-20.4,-22.1,-19.5,135.2,155.3,162.0,165.1,-22.5,-24.0,-24.0,-26.3,-0.4,-0.4,-0.4,-0.4,-10.1,-14.9,-15.6,-15.9,-79.7,-88.2,-92.5,-95.4,-0.3,-0.3,-0.3,-0.3,-0.4,-0.4,-0.4,-0.4,-4.2,-4.2,-4.2,-4.2,0.0,0.0,0.0,0.0,-2.3,-2.5,-2.4,-2.6
A440110,파두,2023-08-07,31000.0,27600.0,19350.0,14100.0,14950.0,12030.0,-11.0,-37.6,-54.5,-51.8,-61.2,-29.9,-48.9,-45.8,-56.4,2025-08-07,12030.0,-61.2,-56.4,-4194.3,-4290.8,-4288.7,-4296.2,-56.2,232.5,491.3,329.4,4698.7,4530.7,4272.0,4434.3,-471.4,-462.7,-477.8,-462.5,7.2,8.8,20.3,17.1,-254.7,-227.5,-131.9,-143.5,-1972.4,-2105.4,-2195.0,-2203.0,-297.9,-297.9,-297.9,-297.9,-12.1,-13.0,-13.0,-13.0,-1193.1,-1193.1,-1193.5,-1193.5,0.0,0.0,0.0,0.0,-448.2,-472.4,-474.6,-467.5
A445680,큐리옥스바이오시스템즈,2023-08-10,6502.0,8667.0,18605.0,22500.0,19330.0,,33.3,186.1,246.0,197.3,,114.7,159.6,123.0,,2025-08-08,50200.0,672.1,479.2,-407.6,-724.1,-824.3,,-165.3,-119.9,-172.2,,758.8,1176.6,1371.0,,-19.4,-38.1,-37.4,,-7.2,-4.0,-5.2,,38.1,54.7,38.4,,-280.0,-378.3,-455.2,,-1.6,-1.6,-1.6,,48.2,3.5,-0.2,,-185.7,-360.3,-363.0,,0.0,0.0,0.0,,-186.0,-332.6,-374.5,
A448710,코츠테크놀로지,2023-08-10,13000.0,20400.0,15720.0,22000.0,16680.0,,56.9,20.9,69.2,28.3,,-22.9,7.8,-18.2,,2025-08-08,21600.0,66.2,5.9,-71.1,-37.7,-52.0,,-16.4,-30.6,-24.2,,229.8,300.2,305.1,,-17.0,-15.9,-22.1,,0.0,11.8,4.7,,11.8,34.9,22.6,,-62.6,-65.9,-54.5,,-0.1,-0.1,-0.1,,-0.2,0.4,0.4,,-3.0,-2.9,-2.9,,0.0,0.0,0.0,,-142.4,-231.9,-229.0,
A424960,스마트레이더시스템,2023-08-22,8000.0,10470.0,13760.0,7120.0,14980.0,7280.0,30.9,72.0,-11.0,87.2,-9.0,31.4,-32.0,43.1,-30.5,2025-08-22,7280.0,-9.0,-30.5,-263.1,-288.4,-256.5,-264.3,-73.7,-116.2,-97.8,-154.2,627.4,716.0,750.2,836.1,-58.5,-63.1,-41.4,-50.6,-0.6,-0.4,4.1,1.3,-17.4,-30.1,-32.6,-35.3,-165.2,-173.1,-172.9,-174.4,-1.5,-1.5,-1.4,-1.4,-1.4,-1.4,5.1,3.5,-18.5,-18.7,-17.4,-7.4,0.0,0.0,0.0,0.0,-290.6,-311.4,-396.0,-417.6
A418250,시큐레터,2023-08-24,12000.0,24300.0,9430.0,6550.0,6550.0,,102.5,-21.4,-45.4,-45.4,,-61.2,-73.0,-73.0,,2025-08-22,6550.0,-45.4,-73.0,-225.5,-227.4,-227.4,,5.0,4.3,4.3,,443.5,446.1,446.1,,-32.9,-32.4,-32.4,,-0.4,-0.4,-0.4,,-24.5,-25.4,-25.4,,-92.7,-94.2,-94.2,,-62.2,-62.2,-62.2,,-0.7,-0.7,-0.7,,-12.1,-12.1,-12.1,,0.0,0.0,0.0,,-223.0,-223.0,-223.0,
A450520,인스웨이브,2023-09-25,8009.0,17185.0,5553.0,3755.0,4085.0,4030.0,114.6,-30.7,-53.1,-49.0,-49.7,-67.7,-78.1,-76.2,-76.5,2025-09-25,4030.0,-49.7,-76.5,-259.3,-265.5,-264.7,-264.2,-0.8,-1.1,-5.4,-9.9,364.1,372.8,376.0,377.1,-42.5,-41.8,-43.0,-43.0,-1.4,-1.4,-1.4,-1.4,-28.8,-33.9,-35.7,-35.7,-143.4,-145.1,-141.3,-140.8,-1.5,-1.5,-1.5,-1.5,-0.8,-0.8,-0.8,-0.8,-40.9,-40.9,-40.9,-40.9,0.0,0.0,0.0,0.0,-104.0,-106.3,-105.9,-103.0
A418470,KT밀리의서재,2023-09-27,23000.0,41600.0,19420.0,15380.0,13040.0,,80.9,-15.6,-33.1,-43.3,,-53.3,-63.0,-68.7,,2025-09-26,14050.0,-38.9,-66.2,-304.6,-389.1,-372.0,,-50.2,-91.8,-68.5,,582.5,689.6,733.1,,-55.0,-52.2,-47.2,,28.6,13.4,20.2,,-18.5,-47.8,-27.1,,-53.1,-78.1,-85.3,,2.3,-0.9,-0.2,,20.1,5.9,21.1,,-229.0,-229.2,-253.5,,0.0,0.0,0.0,,-227.7,-208.7,-292.6,
A430690,한싹,2023-10-04,6253.0,10756.0,7654.0,6040.0,4325.0,,72.0,22.4,-3.4,-30.8,,-28.8,-43.8,-59.8,,2025-10-02,6010.0,-3.9,-44.1,-269.1,-294.9,-297.8,,-34.9,-41.4,-42.1,,313.5,347.8,351.2,,-53.3,-73.1,-75.7,,-1.3,-1.3,-1.3,,-21.3,-23.2,-23.5,,-168.5,-171.6,-171.7,,-0.9,-0.9,-0.9,,-1.2,-1.2,-1.2,,-22.7,-23.6,-23.6,,0.0,0.0,0.0,,-9.5,-11.5,-11.3,
A443250,레뷰코퍼레이션,2023-10-06,15000.0,23000.0,9970.0,8880.0,10670.0,,53.3,-33.5,-40.8,-28.9,,-56.7,-61.4,-53.6,,2025-10-02,11070.0,-26.2,-51.9,-213.7,-178.5,-154.0,,-69.2,-73.1,-83.0,,287.6,313.2,349.7,,-35.2,10.2,11.6,,4.5,2.7,2.7,,-0.4,0.5,-3.9,,-165.4,-173.3,-145.7,,-1.0,-1.0,-1.0,,1.9,0.5,0.5,,-18.1,-18.1,-18.1,,0.0,0.0,0.0,,-4.7,-61.6,-112.6,
A451220,아이엠티,2023-10-10,14000.0,20750.0,22200.0,9620.0,10320.0,11670.0,48.2,58.6,-31.3,-26.3,-16.6,7.0,-53.6,-50.3,-43.8,2025-10-10,11670.0,-16.6,-43.8,-275.7,-267.5,-280.4,-288.1,-4.6,-8.7,-31.1,22.4,586.6,582.2,617.4,572.1,-55.0,-58.6,-59.3,-60.4,-0.5,1.4,1.4,1.4,-8.3,19.3,10.6,3.8,-93.0,-116.9,-120.4,-120.1,-1.5,-0.7,-0.7,-0.7,-0.8,4.6,4.6,4.6,-116.6,-116.7,-116.7,-116.7,0.0,0.0,0.0,0.0,-306.3,-305.9,-305.9,-306.4
A445180,퓨릿,2023-10-18,10700.0,14460.0,12830.0,6630.0,5550.0,,35.1,19.9,-38.0,-48.1,,-11.3,-54.1,-61.6,,2025-10-17,8450.0,-21.0,-41.6,-322.5,-328.6,-323.4,,-94.2,-81.9,-84.9,,423.5,418.0,416.1,,-47.5,-48.3,-48.3,,-2.2,-2.2,-2.2,,-46.8,-46.8,-46.1,,-200.3,-205.5,-201.1,,-1.7,-1.7,-1.7,,-2.3,-2.3,-2.3,,-21.7,-21.7,-21.7,,0.0,0.0,0.0,,-6.7,-7.5,-7.7,
A416180,신성에스티,2023-10-19,26000.0,39050.0,28850.0,25850.0,29650.0,,50.2,11.0,-0.6,14.0,,-26.1,-33.8,-24.1,,2025-10-17,48000.0,84.6,22.9,-768.1,-793.7,-783.4,,-88.2,-120.1,-126.3,,853.6,970.7,947.1,,-71.7,-79.9,-69.7,,-0.4,-0.4,-0.4,,-28.7,-29.9,-29.9,,-286.1,-300.2,-300.2,,-0.3,-0.3,-0.3,,-0.3,-0.3,-0.3,,-380.5,-382.6,-382.6,,0.0,0.0,0.0,,2.7,-56.9,-37.4,
A396470,워트,2023-10-26,6500.0,8650.0,10110.0,9200.0,7600.0,,33.1,55.5,41.5,16.9,,16.9,6.4,-12.1,,2025-10-24,7910.0,21.7,-8.6,-266.3,-269.5,-269.4,,-4.4,-21.1,-31.7,,277.1,290.6,301.4,,-50.0,-52.4,-52.2,,-0.5,-0.5,-0.5,,-40.3,-38.9,-39.0,,-163.8,-165.8,-165.9,,-0.2,-0.2,-0.2,,-0.3,-0.3,-0.3,,-11.3,-11.3,-11.3,,0.0,0.0,0.0,,-6.3,-0.0,-0.3,
A432720,퀄리타스반도체,2023-10-27,16253.0,19743.0,29829.0,10210.0,15830.0,17700.0,21.5,83.5,-37.2,-2.6,8.9,51.1,-48.3,-19.8,-10.3,2025-10-27,17700.0,8.9,-10.3,-534.0,-654.4,-677.2,-675.4,-133.3,-123.0,-180.3,-184.7,1006.4,1115.8,1200.3,1198.4,-122.9,-191.9,-193.7,-192.3,-5.5,-6.9,-6.9,-6.9,-58.7,-58.9,-74.2,-72.7,-138.9,-184.2,-194.7,-193.4,-0.3,-0.3,-0.3,-0.3,-85.5,-88.0,-83.3,-85.6,-122.1,-124.1,-124.1,-124.1,0.0,0.0,0.0,0.0,-339.1,-338.4,-342.8,-338.3
A240600,유진테크놀로지,2023-11-02,17000.0,21200.0,10830.0,6440.0,4295.0,,24.7,-36.3,-62.1,-74.7,,-48.9,-69.6,-79.7,,2025-10-31,4140.0,-75.6,-80.5,-284.3,-318.5,-319.7,,-3.9,-6.7,-9.7,,297.0,336.5,341.3,,-24.3,-27.0,-27.1,,-0.3,-0.3,-0.3,,-24.2,-24.9,-25.5,,-110.8,-133.5,-134.1,,-0.5,-0.5,-0.5,,-4.3,-4.3,-4.3,,-119.8,-127.8,-127.8,,0.0,0.0,0.0,,-8.8,-11.3,-11.9,
A088280,쏘닉스,2023-11-07,7500.0,9430.0,3580.0,2595.0,2430.0,2060.0,25.7,-52.3,-65.4,-67.6,-72.5,-62.0,-72.5,-74.2,-78.2,2025-11-07,2060.0,-72.5,-78.2,-234.2,-239.1,-239.4,-241.8,-62.8,-64.8,-70.3,-70.3,362.5,385.4,383.7,386.0,-53.2,-56.0,-55.9,-56.6,-0.8,-0.8,-0.8,-0.8,-16.4,-17.6,-18.1,-19.3,-135.6,-136.4,-136.3,-136.9,-1.7,-1.7,-1.7,-1.7,-0.6,-0.6,-0.6,-0.6,-25.8,-25.9,-25.9,-25.9,0.0,0.0,0.0,0.0,-65.5,-81.4,-73.9,-73.8
A372320,큐로셀,2023-11-09,20000.0,21700.0,32550.0,28750.0,26650.0,,8.5,62.7,43.8,33.2,,50.0,32.5,22.8,,2025-11-07,40000.0,100.0,84.3,-351.7,-314.4,-384.3,,-58.8,-61.4,-70.4,,641.8,717.2,824.4,,-36.6,-38.4,-37.3,,0.6,0.6,0.8,,-17.7,31.2,30.8,,-265.0,-276.8,-314.8,,-0.1,-0.1,-0.1,,15.2,21.4,22.6,,-48.2,-52.3,-86.3,,0.0,0.0,0.0,,-231.3,-341.4,-369.6,
A413640,비아이매트릭스,2023-11-09,13000.0,11660.0,9020.0,8150.0,13450.0,,-10.3,-30.6,-37.3,3.5,,-22.6,-30.1,15.4,,2025-11-07,11930.0,-8.2,2.3,-102.8,-111.4,-83.9,,34.4,15.5,66.2,,266.0,291.2,203.6,,-1.4,-4.3,8.5,,-0.5,-0.5,1.5,,-11.6,-14.4,9.5,,-78.6,-81.6,-80.3,,-0.7,-0.7,-0.7,,-0.5,-0.5,0.0,,-9.4,-9.4,-22.4,,0.0,0.0,0.0,,-197.7,-195.3,-185.9,
A446540,메가터치,2023-11-09,4800.0,5590.0,5500.0,3800.0,4160.0,,16.5,14.6,-20.8,-13.3,,-1.6,-32.0,-25.6,,2025-11-07,3775.0,-21.4,-32.5,-198.8,-214.3,-216.6,,-192.9,-198.0,-214.3,,389.8,394.4,428.4,,-19.2,-25.7,-25.6,,-0.8,-0.8,-0.8,,-27.0,-29.3,-30.7,,-142.2,-149.0,-149.9,,-0.7,-0.7,-0.7,,-0.4,-0.4,-0.4,,-8.5,-8.5,-8.5,,0.0,0.0,0.0,,2.0,17.9,2.4,
A451760,컨텍,2023-11-09,22500.0,15920.0,19490.0,12470.0,9670.0,,-29.2,-13.4,-44.6,-57.0,,22.4,-21.7,-39.3,,2025-11-07,7800.0,-65.3,-51.0,-129.0,-190.6,-208.8,,18.4,-9.2,-10.3,,678.6,786.0,810.6,,-48.7,-33.6,-19.4,,18.0,4.5,4.6,,14.5,-8.9,-29.2,,-53.3,-59.7,-70.2,,-120.7,-121.3,-121.3,,88.5,55.4,53.7,,-27.2,-27.1,-27.1,,0.0,0.0,0.0,,-568.0,-586.1,-591.5,
A365330,에스와이스틸텍,2023-11-13,1483.0,3349.0,2076.0,5149.0,5297.0,3365.0,125.8,40.0,247.2,257.2,126.9,-38.0,53.7,58.2,0.5,2025-11-13,3365.0,126.9,0.5,-131.2,-134.0,-181.1,-275.2,-9.6,-52.6,-64.0,-71.3,144.9,190.5,471.9,576.4,-19.1,-20.3,-71.2,-162.2,-0.3,-0.3,-0.3,-0.3,-10.1,-10.1,-9.9,-11.2,-93.7,-95.3,-91.6,-93.5,-0.4,-0.4,-0.4,-0.5,-0.2,-0.2,-0.2,-0.2,-7.4,-7.4,-7.4,-7.2,0.0,0.0,0.0,0.0,-4.1,-3.9,-226.9,-230.0
A445090,에이직랜드,2023-11-13,25000.0,30300.0,51200.0,30150.0,31400.0,29450.0,21.2,104.8,20.6,25.6,17.8,69.0,-0.5,3.6,-2.8,2025-11-13,29450.0,17.8,-2.8,-525.1,-825.6,-831.0,-893.0,-349.1,-288.9,-374.3,-405.5,1773.5,2002.4,2106.5,2197.3,-96.9,-107.7,-94.4,-101.4,6.4,-9.6,-9.8,-9.8,128.9,-45.3,-66.4,-117.3,-258.9,-315.8,-311.4,-315.4,-202.7,-202.6,-202.6,-202.6,31.1,-9.8,-11.3,-11.2,-132.9,-134.9,-135.3,-135.3,0.0,0.0,0.0,0.0,-899.4,-888.0,-901.1,-898.7
A452300,캡스톤파트너스,2023-11-15,4000.0,9180.0,4285.0,2425.0,2990.0,,129.5,7.1,-39.4,-25.2,,-53.3,-73.6,-67.4,,2025-11-14,2590.0,-35.2,-71.8,-100.0,-99.0,-99.7,,10.3,11.8,13.6,,213.7,238.8,259.3,,-17.7,-18.8,-18.7,,-0.2,-0.2,-0.2,,-13.5,-11.3,-12.1,,-47.7,-47.7,-47.7,,-0.4,-0.4,-0.4,,-0.0,-0.0,-0.0,,-20.5,-20.5,-20.5,,0.0,0.0,0.0,,-124.0,-151.6,-173.2,
A352090,스톰테크,2023-11-20,5500.0,9530.0,3885.0,3205.0,4065.0,3650.0,73.3,-29.4,-41.7,-26.1,-33.6,-59.2,-66.4,-57.3,-61.7,2025-11-20,3650.0,-33.6,-61.7,-381.3,-397.9,-405.3,-391.7,3.0,-1.7,23.8,5.3,389.9,409.9,391.3,396.5,-77.8,-89.0,-93.4,-93.5,-1.7,-1.7,-1.7,-1.7,-32.5,-32.8,-31.1,-25.8,-224.2,-229.3,-234.0,-225.6,-2.0,-2.0,-2.0,-2.0,-2.2,-2.2,-2.2,-2.2,-40.9,-40.9,-40.9,-40.9,0.0,0.0,0.0,0.0,-11.6,-10.3,-9.9,-10.1
A448280,에코아이,2023-11-21,11567.0,20767.0,9500.0,5093.0,11790.0,10470.0,79.5,-17.9,-56.0,1.9,-9.5,-54.3,-75.5,-43.2,-49.6,2025-11-21,10470.0,-9.5,-49.6,-585.4,-598.0,-613.5,-615.5,-61.4,-62.4,-58.0,-29.3,663.4,673.2,687.6,657.3,-72.8,-71.3,-71.2,-74.5,-2.5,-2.5,-2.5,-2.5,-148.4,-154.0,-156.0,-155.3,-331.9,-340.5,-354.0,-353.6,-4.8,-4.8,-4.8,-4.7,-1.4,-1.4,-1.4,-1.4,-23.5,-23.5,-23.5,-23.5,0.0,0.0,0.0,0.0,-16.6,-12.8,-16.1,-12.5
A402490,그린리소스,2023-11-24,8505.0,26166.0,13508.0,6909.0,6584.0,7050.0,207.7,58.8,-18.8,-22.6,-17.1,-48.4,-73.6,-74.8,-73.1,2025-11-24,7050.0,-17.1,-73.1,-386.1,-435.8,-435.2,-437.8,-68.1,-68.7,-94.6,-83.5,876.0,923.5,952.4,946.9,-51.4,-66.5,-66.5,-64.7,-1.0,-3.3,-3.3,-3.3,-12.9,-43.9,-42.7,-47.0,-228.8,-230.0,-230.6,-230.7,-1.1,-1.1,-1.1,-1.1,1.3,1.3,1.3,1.3,-92.2,-92.2,-92.2,-92.2,0.0,0.0,0.0,0.0,-421.8,-419.0,-422.6,-425.6
A452280,한선엔지니어링,2023-11-24,7000.0,18330.0,13270.0,9780.0,7320.0,8450.0,161.9,89.6,39.7,4.6,20.7,-27.6,-46.6,-60.1,-53.9,2025-11-24,8450.0,20.7,-53.9,-430.2,-459.6,-460.0,-459.7,-6.6,-22.9,-40.0,-50.2,463.4,507.1,523.8,531.8,-63.5,-59.7,-60.0,-60.3,-0.2,-2.5,-2.5,-2.5,-76.4,-81.1,-82.2,-82.2,-252.6,-278.2,-277.3,-276.5,-2.1,-2.7,-2.7,-2.7,-3.8,-3.8,-3.8,-3.8,-31.5,-31.5,-31.5,-31.7,0.0,0.0,0.0,0.0,-26.5,-24.7,-23.8,-21.8
A453860,에이에스텍,2023-11-28,28000.0,70100.0,45600.0,19700.0,19170.0,15110.0,150.4,62.9,-29.6,-31.5,-46.0,-35.0,-71.9,-72.7,-78.4,2025-11-28,15110.0,-46.0,-78.4,-535.5,-590.3,-636.1,-652.2,-158.2,-158.2,-152.0,-155.5,855.1,941.4,1011.9,1030.2,-105.5,-163.0,-163.6,-163.9,7.3,-1.3,-1.3,-1.3,-89.6,-92.9,-105.6,-111.0,-300.7,-283.8,-315.4,-319.9,-1.2,-1.2,-1.2,-1.9,10.4,8.0,9.6,4.4,-56.1,-56.2,-58.7,-58.7,0.0,0.0,0.0,0.0,-161.3,-192.9,-223.8,-222.5
A355690,에이텀,2023-12-01,14501.0,24490.0,10731.0,4527.0,4246.0,4592.0,68.9,-26.0,-68.8,-70.7,-68.3,-56.2,-81.5,-82.7,-81.2,2025-12-01,4592.0,-68.3,-81.2,-452.3,-461.4,-467.7,-467.8,-22.4,-26.1,-26.8,-29.9,555.0,567.1,575.0,579.2,-24.9,-25.3,-25.5,-25.7,-0.0,-0.0,-0.0,-0.0,-34.5,-36.2,-37.5,-37.5,-330.4,-337.5,-342.2,-342.3,-0.1,-0.1,-0.1,-0.1,-55.2,-55.2,-55.2,-55.2,-7.1,-7.1,-7.1,-7.1,0.0,0.0,0.0,0.0,-80.3,-79.5,-80.5,-81.5
A338840,와이바이오로직스,2023-12-05,9000.0,12800.0,8660.0,7500.0,8800.0,26150.0,42.2,-3.8,-16.7,-2.2,190.6,-32.3,-41.4,-31.2,104.3,2025-12-05,26150.0,190.6,104.3,-360.8,-462.6,-451.6,-396.6,-3.7,-6.3,-5.2,-51.0,430.1,541.7,560.2,790.0,-58.1,-70.2,-67.5,-56.7,-0.1,-0.1,-0.1,8.2,-22.1,-22.3,-23.6,17.8,-147.6,-166.8,-157.2,-146.4,-0.1,-0.1,-0.1,-0.1,0.0,0.0,0.0,8.4,-132.8,-203.1,-203.1,-227.8,0.0,0.0,0.0,0.0,-65.6,-72.8,-103.4,-342.4
A432470,케이엔에스,2023-12-06,11500.0,46000.0,17750.0,10990.0,10310.0,,300.0,54.3,-4.4,-10.3,,-61.4,-76.1,-77.6,,2025-12-05,10340.0,-10.1,-77.5,-280.1,-287.8,-287.7,,33.5,13.2,4.6,,421.3,451.8,460.2,,-57.5,-57.2,-57.1,,-2.2,-2.2,-2.2,,-34.8,-35.3,-35.3,,-163.2,-170.7,-170.8,,-1.5,-1.5,-1.5,,-0.9,-0.9,-0.9,,-20.0,-20.0,-20.0,,0.0,0.0,0.0,,-174.7,-177.2,-177.1,
A417200,LS머트리얼즈,2023-12-12,6000.0,24000.0,28150.0,10780.0,11170.0,13130.0,300.0,369.2,79.7,86.2,118.8,17.3,-55.1,-53.5,-45.3,2025-12-12,13130.0,118.8,-45.3,-4181.0,-4813.7,-4750.0,-4522.3,191.6,460.5,347.1,285.5,4017.9,4775.7,5174.2,5343.0,-405.3,-480.8,-482.3,-372.6,-2.4,-9.8,-4.6,4.1,-801.5,-1293.8,-1294.2,-1271.0,-2827.0,-2914.5,-2918.3,-2977.5,-23.3,-23.3,-23.3,-23.2,-5.8,25.1,88.8,232.7,-115.8,-116.6,-116.0,-114.8,0.0,0.0,0.0,0.0,-28.4,-422.5,-771.4,-1106.2
A439580,블루엠텍,2023-12-13,6337.0,17010.0,4403.0,4413.0,5280.0,,168.4,-30.5,-30.4,-16.7,,-74.1,-74.1,-69.0,,2025-12-12,4840.0,-23.6,-71.5,-970.4,-1048.4,-1061.5,,34.2,46.6,-31.4,,1283.2,1389.7,1478.3,,-67.6,-64.5,-65.2,,-0.9,-0.9,-0.9,,-201.9,-199.3,-208.9,,-412.6,-408.7,-411.4,,-3.4,-69.6,-69.6,,-0.9,-0.9,-0.9,,-283.0,-304.5,-304.5,,0.0,0.0,0.0,,-347.0,-387.9,-385.5,
A457550,우진엔텍,2024-01-24,5300.0,21200.0,23300.0,22550.0,26400.0,,300.0,339.6,325.5,398.1,,9.9,6.4,24.5,,2026-01-23,26100.0,392.5,23.1,-283.0,-270.9,-252.4,,137.0,-50.5,-133.4,,554.1,894.2,950.0,,-95.5,-93.3,-87.7,,-0.7,-1.0,-1.0,,-38.0,-32.9,-21.4,,-139.9,-147.0,-149.6,,0.6,0.6,0.6,,-0.3,12.6,16.7,,-9.3,-9.8,-9.8,,0.0,0.0,0.0,,-408.1,-572.8,-564.3,
A440290,HB인베스트먼트,2024-01-25,3400.0,6700.0,2195.0,1570.0,2205.0,,97.1,-35.4,-53.8,-35.1,,-67.2,-76.6,-67.1,,2026-01-23,2025.0,-40.4,-69.8,-362.7,-371.9,-373.0,,-84.0,-88.0,-86.2,,463.2,476.3,475.5,,-52.1,-56.0,-55.9,,-2.4,-2.4,-2.4,,-50.2,-50.3,-51.0,,-222.5,-227.6,-228.1,,-2.3,-2.3,-2.3,,-1.1,-1.1,-1.1,,-32.1,-32.1,-32.1,,0.0,0.0,0.0,,-16.5,-16.3,-16.3,
A460930,현대힘스,2024-01-26,7300.0,29200.0,15650.0,18940.0,19970.0,18380.0,300.0,114.4,159.5,173.6,151.8,-46.4,-35.1,-31.6,-37.1,2026-01-26,18380.0,151.8,-37.1,-879.6,-911.6,-818.7,-2241.8,-308.1,-352.6,-454.8,-187.7,1195.9,1273.2,1285.4,2417.9,-68.7,-88.7,-136.5,-81.3,-7.4,-7.6,-5.3,-5.5,-114.6,-121.8,-4.3,-139.8,-647.5,-653.1,-642.5,-649.1,-3.5,-2.5,-2.8,-2.8,-3.8,-3.8,7.3,6.9,-34.1,-34.0,-34.6,-1370.2,0.0,0.0,0.0,0.0,-8.2,-9.0,-11.8,11.7
A105760,포스뱅크,2024-01-29,18000.0,23350.0,8740.0,5570.0,6630.0,5380.0,29.7,-51.4,-69.1,-63.2,-70.1,-62.6,-76.1,-71.6,-77.0,2026-01-29,5380.0,-70.1,-77.0,-575.0,-593.8,-593.9,-593.8,28.7,26.2,32.1,10.3,836.0,855.9,854.8,877.2,-64.6,-82.3,-82.4,-82.6,-2.5,-2.5,-2.5,-2.5,-68.3,-68.3,-68.3,-68.7,-353.3,-354.7,-354.5,-353.9,-2.7,-2.7,-2.7,-2.7,-0.2,-0.2,-0.2,-0.2,-83.3,-83.0,-83.2,-83.2,0.0,0.0,0.0,0.0,-289.8,-288.2,-293.0,-293.7
A452400,이닉스,2024-02-01,14000.0,37100.0,11060.0,8970.0,12640.0,,165.0,-21.0,-35.9,-9.7,,-70.2,-75.8,-65.9,,2026-01-30,10790.0,-22.9,-70.9,-420.6,-431.3,-433.8,,-147.7,-152.0,-169.6,,581.3,597.5,617.9,,-68.8,-50.5,-50.7,,-3.6,-3.7,-3.7,,-40.6,-45.0,-45.0,,-266.2,-290.5,-292.7,,-3.1,-3.1,-3.1,,-4.5,-4.5,-4.5,,-33.8,-34.1,-34.1,,0.0,0.0,0.0,,-13.0,-14.2,-14.4,
A415380,스튜디오삼익,2024-02-06,6251.0,13857.0,3001.0,2778.0,3004.0,2175.0,121.7,-52.0,-55.6,-51.9,-65.2,-78.3,-80.0,-78.3,-84.3,2026-02-06,2175.0,-65.2,-84.3,-212.7,-197.6,-198.2,-204.9,-1.9,-0.1,0.5,3.6,421.4,403.9,402.8,420.5,-9.4,8.4,8.4,7.7,-1.7,-1.7,-1.7,-1.7,-53.0,-53.7,-53.7,-55.5,-124.8,-126.7,-127.4,-131.7,-1.8,-1.8,-1.8,-1.8,-1.3,-1.3,-1.3,-1.3,-20.8,-20.8,-20.8,-20.8,0.0,0.0,0.0,0.0,-206.7,-206.3,-205.1,-219.2
A068100,케이웨더,2024-02-22,7000.0,16600.0,4350.0,3250.0,3000.0,,137.1,-37.9,-53.6,-57.1,,-73.8,-80.4,-81.9,,2026-02-20,3105.0,-55.6,-81.3,-166.0,-171.6,-171.7,,3.9,-3.5,5.0,,281.5,296.9,288.4,,-17.7,-17.6,-17.6,,-0.4,-0.4,-0.4,,-17.5,-17.5,-17.6,,-72.6,-73.1,-73.2,,-0.4,-0.4,-0.4,,-1.3,-1.3,-1.3,,-56.1,-61.3,-61.3,,0.0,0.0,0.0,,-119.4,-121.8,-121.7,
A360350,코셈,2024-02-23,16000.0,25550.0,9150.0,7010.0,8120.0,7360.0,59.7,-42.8,-56.2,-49.3,-54.0,-64.2,-72.6,-68.2,-71.2,2026-02-23,7360.0,-54.0,-71.2,-160.4,-182.1,-153.9,-159.6,16.9,16.2,18.6,14.9,540.6,563.4,532.7,543.7,-4.5,-13.5,21.7,19.1,-0.4,-0.4,-0.4,-0.4,-19.8,-21.1,-22.3,-24.1,-62.2,-64.5,-70.3,-71.7,-0.3,-0.3,-0.3,-0.3,0.2,0.2,0.2,0.2,-73.5,-82.4,-82.4,-82.4,0.0,0.0,0.0,0.0,-397.1,-397.5,-397.4,-399.0
A418620,E8,2024-02-23,16324.0,18446.0,11573.0,3735.0,3252.0,1300.0,13.0,-29.1,-77.1,-80.1,-92.0,-37.3,-79.8,-82.4,-93.0,2026-02-23,1300.0,-92.0,-93.0,-320.7,-330.9,-345.5,-386.8,-17.3,-3.0,-23.1,-10.7,370.3,368.3,408.4,439.1,-92.3,-97.7,-110.5,-134.0,-0.3,-0.3,-0.3,-0.3,-17.5,-16.2,-16.2,-22.3,-170.4,-176.5,-178.2,-189.9,-1.2,-1.2,-1.2,-1.2,-0.8,-0.8,-0.8,-0.8,-38.1,-38.1,-38.1,-38.1,0.0,0.0,0.0,0.0,-32.4,-34.5,-39.8,-41.7
A199430,케이엔알시스템,2024-03-07,13500.0,27050.0,8110.0,8360.0,12880.0,,100.4,-39.9,-38.1,-4.6,,-70.0,-69.1,-52.4,,2026-03-06,28300.0,109.6,4.6,-259.1,-272.3,-295.5,,6.5,-15.0,-41.5,,617.0,652.0,763.2,,-36.9,-37.3,-39.2,,-1.3,-1.3,-1.3,,-33.9,-33.8,-38.4,,-127.8,-139.2,-143.7,,-2.4,-2.4,-2.4,,-0.9,-0.9,-0.9,,-55.8,-57.3,-69.6,,0.0,0.0,0.0,,-364.4,-364.8,-426.2,
A036220,오상헬스케어,2024-03-13,20000.0,29350.0,13360.0,14100.0,16490.0,9820.0,46.8,-33.2,-29.5,-17.5,-50.9,-54.5,-52.0,-43.8,-66.5,2026-03-13,9820.0,-50.9,-66.5,-202.4,-203.2,-90.8,-129.4,-27.0,-29.3,-11.7,2.1,262.6,245.8,118.7,138.3,-29.0,-29.0,-17.1,-20.5,-0.9,-0.9,9.9,6.9,-21.6,-21.6,5.5,-12.5,-135.5,-136.3,-127.6,-130.4,-1.1,-1.1,-1.1,-1.1,-0.5,-0.5,53.4,42.0,-13.8,-13.8,-13.8,-13.8,0.0,0.0,0.0,0.0,-33.2,-13.3,-16.2,-10.9
A437730,삼현,2024-03-21,10007.0,15678.0,7656.0,11060.0,22000.0,,56.7,-23.5,10.5,119.8,,-51.2,-29.5,40.3,,2026-03-20,55500.0,454.6,254.0,-433.2,-551.2,-524.2,,-103.6,-124.6,-172.3,,600.9,743.3,744.0,,-174.3,-195.8,-215.8,,-2.8,-2.8,-2.8,,-40.6,-49.9,-14.5,,-193.4,-280.5,-268.9,,-1.7,-1.7,-1.7,,-2.2,-2.2,-2.2,,-18.1,-18.2,-18.2,,0.0,0.0,0.0,,-64.1,-67.5,-47.6,
A455900,엔젤로보틱스,2024-03-26,20000.0,65000.0,28700.0,25850.0,24200.0,26700.0,225.0,43.5,29.2,21.0,33.5,-55.8,-60.2,-62.8,-58.9,2026-03-26,26700.0,33.5,-58.9,-1546.3,-1603.9,-1688.8,-1448.1,-16.9,6.7,-18.8,6.6,2457.6,2534.4,2643.2,2415.1,-149.1,-143.5,-117.5,116.7,-1.2,-2.3,-2.3,-2.4,-26.4,16.5,-38.2,-34.8,-174.3,-179.0,-181.4,-175.7,-34.5,-34.4,-44.4,-44.4,-251.0,-251.0,-243.2,-234.5,-909.8,-1010.2,-1061.8,-1073.2,0.0,0.0,0.0,0.0,-894.4,-937.2,-935.5,-973.6
A461030,아이엠비디엑스,2024-04-03,13000.0,36000.0,17470.0,9100.0,10850.0,6410.0,176.9,34.4,-30.0,-16.5,-50.7,-51.5,-74.7,-69.9,-82.2,2026-04-03,6410.0,-50.7,-82.2,-511.2,-505.3,-517.0,-526.5,-200.1,-199.9,-201.2,-197.8,887.3,905.4,917.8,921.4,-46.6,-47.6,-51.6,-54.8,-1.5,-1.3,-1.3,-1.3,-56.1,-49.4,-55.7,-60.2,-271.3,-271.6,-271.4,-271.4,-2.0,-2.0,-2.0,-2.0,-1.5,-0.6,-0.6,-0.6,-132.1,-132.7,-134.4,-136.2,0.0,0.0,0.0,0.0,-176.0,-200.2,-199.6,-197.1
A412540,제일엠앤에스,2024-04-30,22000.0,27000.0,10110.0,3935.0,3935.0,3935.0,22.7,-54.0,-82.1,-82.1,-82.1,-62.6,-85.4,-85.4,-85.4,2026-04-30,3935.0,-82.1,-85.4,-818.5,-879.0,-879.0,-879.0,-87.1,-78.8,-78.8,-78.8,923.0,974.3,974.3,974.3,-173.8,-199.0,-199.0,-199.0,-4.5,-4.5,-4.5,-4.5,-86.6,-86.6,-86.6,-86.6,-458.3,-474.8,-474.8,-474.8,-4.3,-4.3,-4.3,-4.3,-2.8,-2.8,-2.8,-2.8,-88.2,-106.9,-106.9,-106.9,0.0,0.0,0.0,0.0,-17.4,-16.5,-16.5,-16.5
A347850,디앤디파마텍,2024-05-02,8258.0,9134.0,10786.0,18869.0,70070.0,,10.6,30.6,128.5,748.5,,18.1,106.6,667.1,,2026-04-30,74200.0,798.5,712.3,-169.7,-399.2,-1176.6,,-93.8,-164.0,767.2,,599.2,1574.4,2570.8,,-38.4,-42.0,17.9,,17.5,18.9,-3.8,,77.4,188.2,-164.9,,-163.4,-417.0,-95.4,,-0.6,1.8,0.5,,13.0,91.8,-53.8,,-75.2,-240.9,-877.1,,0.0,0.0,0.0,,-335.8,-1011.2,-2161.4,
A452200,민테크,2024-05-03,10500.0,12880.0,6170.0,4010.0,2840.0,,22.7,-41.2,-61.8,-73.0,,-52.1,-68.9,-78.0,,2026-04-30,2765.0,-73.7,-78.5,-429.6,-442.0,-444.8,,-28.6,-19.7,-25.2,,537.9,542.3,573.2,,-42.4,-59.7,-60.7,,-0.7,-0.7,-0.7,,-41.1,-40.0,-37.1,,-127.6,-123.6,-125.2,,-0.8,-0.8,-0.8,,-0.5,-0.5,-0.5,,-216.5,-216.7,-219.7,,0.0,0.0,0.0,,-79.7,-80.7,-103.3,
A126730,코칩,2024-05-07,18000.0,28450.0,11410.0,11310.0,12610.0,21050.0,58.1,-36.6,-37.2,-29.9,16.9,-59.9,-60.2,-55.7,-26.0,2026-05-07,21050.0,16.9,-26.0,-182.5,-164.9,-164.8,-159.7,-49.3,-50.4,-53.2,-51.0,242.3,221.8,234.4,230.2,-36.4,-15.0,-8.5,0.5,-0.6,-0.6,-0.6,-0.6,-18.2,-18.2,-19.1,-20.9,-118.8,-122.6,-128.2,-130.0,-0.7,-0.7,-0.7,-0.7,-0.5,-0.5,-0.5,-0.5,-7.2,-7.2,-7.2,-7.5,0.0,0.0,0.0,0.0,-10.5,-6.5,-16.4,-19.5
A456010,아이씨티케이,2024-05-17,20000.0,28700.0,5980.0,17030.0,16090.0,,43.5,-70.1,-14.8,-19.6,,-79.2,-40.7,-43.9,,2026-05-15,19100.0,-4.5,-33.4,-469.4,-519.6,-474.4,,-48.7,-90.8,-99.1,,723.8,884.8,881.3,,-39.5,-66.8,-69.1,,-2.2,-2.2,2.9,,-63.9,-68.1,-31.7,,-182.1,-200.0,-199.3,,-68.5,-68.5,-67.5,,-37.2,-27.6,-23.3,,-75.9,-86.3,-86.5,,0.0,0.0,0.0,,-205.7,-274.5,-307.7,
A145170,노브랜드,2024-05-23,7313.0,28365.0,8682.0,5090.0,4100.0,,287.9,18.7,-30.4,-43.9,,-69.4,-82.1,-85.5,,2026-05-22,4670.0,-36.1,-83.5,-189.9,-189.8,-190.2,,-55.2,-61.1,-73.1,,598.0,634.7,644.8,,-25.7,-25.9,-26.3,,-1.2,-1.2,-1.2,,-29.5,-29.0,-29.0,,-118.5,-118.8,-118.8,,-1.8,-1.8,-1.8,,-1.1,-1.1,-1.1,,-12.1,-12.1,-12.1,,0.0,0.0,0.0,,-352.9,-383.8,-381.5,
A453450,그리드위즈,2024-06-14,40000.0,49500.0,16770.0,21050.0,15190.0,,23.8,-58.1,-47.4,-62.0,,-66.1,-57.5,-69.3,,2026-06-12,15640.0,-60.9,-68.4,-1072.4,-1084.9,-1108.4,,-6.8,-29.3,-31.0,,1441.1,1470.3,1494.2,,-116.1,-116.3,-118.5,,-10.4,-10.4,-10.3,,-89.1,-88.8,-99.5,,-372.9,-378.4,-380.0,,-0.7,-0.7,-0.7,,-30.5,-37.7,-46.5,,-452.7,-452.7,-452.7,,0.0,0.0,0.0,,-362.0,-356.0,-354.8,
A462510,라메디텍,2024-06-17,16000.0,24550.0,9070.0,7830.0,6820.0,3235.0,53.4,-43.3,-51.1,-57.4,-79.8,-63.1,-68.1,-72.2,-86.8,2026-06-17,3235.0,-79.8,-86.8,-439.0,-438.9,-445.6,-444.8,4.1,5.5,-8.0,-9.7,542.0,539.7,567.8,568.0,-48.8,-49.0,-50.8,-50.7,-2.8,-2.8,-2.8,-2.8,-57.9,-57.3,-56.6,-55.6,-215.7,-215.7,-221.4,-221.7,-3.2,-3.2,-3.2,-3.2,-1.8,-1.8,-1.8,-1.8,-108.7,-109.0,-109.0,-109.0,0.0,0.0,0.0,0.0,-107.1,-106.3,-114.2,-113.6
A458870,씨어스,2024-06-19,5670.0,6170.0,3639.0,6820.0,38955.0,32400.0,8.8,-35.8,20.3,587.0,471.4,-41.0,10.5,531.4,425.1,2026-06-19,32400.0,471.4,425.1,-268.1,-266.3,53.0,327.0,-44.6,18.7,213.2,-198.1,560.7,590.3,761.8,908.5,-48.5,-42.1,-22.0,117.0,-1.1,-1.1,20.5,8.4,-24.0,-21.8,158.8,31.5,-145.8,-139.5,132.5,125.7,-0.8,-0.8,0.7,-1.6,-26.4,-25.0,-18.9,271.4,-21.5,-36.0,-218.7,-225.4,0.0,0.0,0.0,0.0,-248.0,-342.7,-1028.0,-1037.4
A464080,에스오에스랩,2024-06-25,11500.0,14420.0,12090.0,14000.0,13240.0,9700.0,25.4,5.1,21.7,15.1,-15.7,-16.2,-2.9,-8.2,-32.7,2026-06-25,9700.0,-15.7,-32.7,-377.8,-354.1,-371.0,-312.8,-67.7,-33.1,-76.4,-167.5,1036.1,1080.2,1142.2,1171.0,-96.2,-61.6,-41.8,66.3,-0.3,2.0,-1.0,-1.0,-3.6,-22.6,-44.4,-52.3,-107.9,-139.8,-128.2,-167.6,-48.7,-48.0,-48.0,-48.0,4.0,41.9,18.2,15.4,-125.1,-125.8,-125.9,-125.6,0.0,0.0,0.0,0.0,-590.6,-693.0,-694.8,-690.8
A160190,하이젠알앤엠,2024-06-27,7000.0,15160.0,12970.0,38000.0,63200.0,,116.6,85.3,442.9,802.9,,-14.4,150.7,316.9,,2026-06-26,19640.0,180.6,29.6,-256.9,-259.0,-158.5,,-68.8,-127.3,125.2,,336.7,394.7,558.8,,-45.5,-52.8,-11.9,,-1.6,-3.4,0.8,,-33.2,24.1,46.5,,-179.9,-221.9,-254.5,,-1.3,-1.3,-0.5,,16.4,8.0,72.9,,-11.7,-11.7,-11.9,,0.0,0.0,0.0,,-11.1,-8.4,-525.5,
A295310,에이치브이엠,2024-06-28,18000.0,20200.0,24500.0,28850.0,59400.0,,12.2,36.1,60.3,230.0,,21.3,42.8,194.1,,2026-06-26,51300.0,185.0,154.0,-325.6,-140.1,-287.4,,-41.6,-14.9,145.9,,923.4,736.3,702.6,,-46.2,-42.2,-40.6,,-0.2,26.4,14.4,,-2.5,152.0,36.2,,-171.9,-220.8,-201.4,,-105.0,-101.9,-104.4,,49.5,101.2,63.4,,-49.3,-54.8,-54.9,,0.0,0.0,0.0,,-556.3,-581.3,-561.1,
A462350,이노스페이스,2024-07-02,20339.0,16182.0,8723.0,7741.0,10584.0,7740.0,-20.4,-57.1,-61.9,-48.0,-61.9,-46.1,-52.2,-34.6,-52.2,2026-06-30,8400.0,-58.7,-48.1,-669.1,-659.0,-773.8,-929.4,-42.1,-49.0,10.3,-87.6,911.8,911.7,970.9,1287.9,-48.1,-45.2,-100.9,-172.5,-0.1,-0.7,2.3,-0.9,1.4,0.2,-19.9,-58.2,-234.9,-238.5,-292.2,-302.2,-56.0,-56.0,-55.9,-55.9,1.5,12.0,29.5,26.0,-333.0,-330.8,-336.6,-365.7,0.0,0.0,0.0,0.0,-200.7,-203.7,-207.4,-270.9
A450330,하스,2024-07-03,16000.0,17150.0,6900.0,8100.0,6360.0,,7.2,-56.9,-49.4,-60.2,,-59.8,-52.8,-62.9,,2026-06-30,5240.0,-67.2,-69.4,-171.8,-179.8,-189.4,,-53.4,-62.1,-63.7,,238.0,256.4,267.4,,-48.7,-49.0,-51.6,,-2.1,-2.1,-2.1,,-7.1,-7.3,-7.3,,-95.7,-102.1,-109.0,,-1.9,-1.9,-1.9,,-1.3,-1.3,-1.3,,-15.0,-16.2,-16.2,,0.0,0.0,0.0,,-12.9,-14.6,-14.4,
A373110,엑셀세라퓨틱스,2024-07-15,8815.0,7343.0,3901.0,2966.0,1620.0,,-16.7,-55.7,-66.4,-81.6,,-46.9,-59.6,-77.9,,2026-06-30,1201.0,-86.4,-83.6,-175.4,-178.5,-188.7,,0.2,1.3,1.1,,283.1,276.6,287.1,,-31.7,-34.4,-40.1,,-0.9,-0.8,-0.8,,-18.0,-17.9,-20.1,,-63.8,-64.3,-66.6,,-40.0,-40.0,-40.0,,-0.8,-0.8,-0.8,,-20.3,-20.3,-20.3,,0.0,0.0,0.0,,-107.8,-99.4,-99.4,
A460940,피앤에스로보틱스,2024-07-31,11000.0,12525.0,6640.0,6445.0,11120.0,,13.9,-39.6,-41.4,1.1,,-47.0,-48.5,-11.2,,2026-06-30,4950.0,-55.0,-60.5,-196.9,-200.0,-210.0,,-8.8,-7.8,-43.2,,321.1,341.3,428.3,,-45.2,-45.3,-46.2,,-0.7,-0.7,-0.7,,-29.6,-33.6,-34.6,,-104.9,-112.1,-120.3,,-0.8,-0.8,1.2,,-0.4,7.7,6.0,,-15.2,-15.2,-15.4,,0.0,0.0,0.0,,-115.4,-133.5,-175.1,
A460470,아이빔테크놀로지,2024-08-06,10000.0,13360.0,4975.0,3355.0,3170.0,,33.6,-50.2,-66.4,-68.3,,-62.8,-74.9,-76.3,,2026-06-30,3095.0,-69.0,-76.8,-208.0,-243.2,-243.9,,-10.8,-11.3,-19.4,,275.6,317.1,325.2,,-35.6,-38.7,-38.7,,-1.2,-1.2,-1.2,,-19.1,-18.8,-19.3,,-109.9,-111.4,-111.7,,-1.9,-1.9,-1.9,,-1.1,-1.1,-1.1,,-39.2,-70.1,-70.1,,0.0,0.0,0.0,,-56.7,-62.6,-61.8,
A199480,뱅크웨어글로벌,2024-08-12,16000.0,15750.0,5170.0,6840.0,5520.0,,-1.6,-67.7,-57.2,-65.5,,-67.2,-56.6,-65.0,,2026-06-30,2975.0,-81.4,-81.1,-189.7,-190.3,-211.3,,-188.9,-202.2,-205.7,,470.3,483.4,507.3,,-21.2,-21.2,-21.4,,-1.2,-1.2,-1.2,,-24.6,-26.7,-26.7,,-114.4,-112.9,-133.7,,-0.2,-0.2,-0.2,,-1.5,-1.5,-1.5,,-26.6,-26.6,-26.6,,0.0,0.0,0.0,,-91.7,-90.9,-90.3,
A088340,유라클,2024-08-16,21000.0,21000.0,11780.0,16310.0,13910.0,,0.0,-43.9,-22.3,-33.8,,-43.9,-22.3,-33.8,,2026-06-30,7040.0,-66.5,-66.5,-246.3,-381.0,-384.8,,-6.0,-18.6,-32.1,,208.5,356.0,375.2,,-29.0,-85.2,-87.9,,-0.4,-0.4,-0.4,,-18.9,-84.3,-84.3,,-189.0,-202.0,-203.2,,-0.3,-0.3,-0.3,,-0.3,-0.3,-0.3,,-8.4,-8.4,-8.4,,0.0,0.0,0.0,,43.8,43.6,41.7,
A389650,넥스트바이오메디컬,2024-08-20,29000.0,23700.0,52900.0,55700.0,71000.0,,-18.3,82.4,92.1,144.8,,123.2,135.0,199.6,,2026-06-30,41400.0,42.8,74.7,-123.7,-154.1,-163.0,,239.9,135.2,-82.6,,408.2,544.6,769.1,,-80.4,-88.6,5.2,,16.7,2.8,-0.3,,66.1,63.9,-7.0,,-101.5,-81.4,-152.7,,-10.3,-11.6,-13.5,,14.8,-9.0,56.8,,-29.2,-30.1,-51.5,,0.0,0.0,0.0,,-524.5,-525.7,-523.5,
A431190,케이쓰리아이,2024-08-20,15500.0,10550.0,5140.0,4435.0,4950.0,,-31.9,-66.8,-71.4,-68.1,,-51.3,-58.0,-53.1,,2026-06-30,2205.0,-85.8,-79.1,-154.2,-167.9,-178.6,,-12.5,-16.0,-26.8,,198.0,215.3,236.7,,-39.6,-39.7,-39.7,,-0.8,-0.8,-0.8,,-26.0,-26.6,-27.1,,-48.0,-50.7,-60.8,,-0.8,-0.8,-0.8,,-0.9,-0.9,-0.9,,-38.1,-48.5,-48.5,,0.0,0.0,0.0,,-31.3,-31.4,-31.3,
A464280,티디에스팜,2024-08-21,13000.0,52000.0,14290.0,10590.0,10330.0,,300.0,9.9,-18.5,-20.5,,-72.5,-79.6,-80.1,,2026-06-30,6330.0,-51.3,-87.8,-398.8,-402.5,-403.0,,-2.0,-2.2,-5.4,,568.2,572.2,575.0,,-136.7,-137.3,-137.4,,-0.7,-0.7,-0.7,,-26.2,-26.3,-26.3,,-220.8,-223.7,-224.2,,-0.7,-0.7,-0.7,,-0.6,-0.6,-0.6,,-13.2,-13.2,-13.2,,0.0,0.0,0.0,,-167.4,-167.6,-166.7,
A476080,M83,2024-08-22,16000.0,22300.0,16130.0,12510.0,8140.0,,39.4,0.8,-21.8,-49.1,,-27.7,-43.9,-63.5,,2026-06-30,3805.0,-76.2,-82.9,-431.5,-473.2,-476.6,,-27.1,-35.1,-27.8,,703.8,751.2,748.2,,-43.6,-42.3,-44.2,,-1.3,-1.3,-1.3,,-47.9,-48.6,-49.2,,-155.7,-160.2,-161.1,,-2.5,-2.5,-2.5,,-1.5,-1.5,-1.5,,-179.0,-216.8,-216.8,,0.0,0.0,0.0,,-245.2,-242.8,-243.9,
A456070,이엔셀,2024-08-23,15300.0,17200.0,19890.0,10550.0,17700.0,,12.4,30.0,-31.0,15.7,,15.6,-38.7,2.9,,2026-06-30,7690.0,-49.7,-55.3,-993.7,-998.4,-1010.9,,-1.3,-43.7,-70.2,,1354.8,1407.3,1417.7,,-63.0,-62.5,-69.2,,-1.0,-1.0,-1.0,,-84.4,-88.7,-96.8,,-249.1,-249.6,-249.1,,-3.0,-3.0,-3.0,,-1.0,-1.0,-1.0,,-592.1,-592.6,-590.8,,0.0,0.0,0.0,,-359.9,-365.1,-336.7,
A461300,아이스크림미디어,2024-08-30,32000.0,22500.0,12900.0,20300.0,15100.0,,-29.7,-59.7,-36.6,-52.8,,-42.7,-9.8,-32.9,,2026-06-30,16010.0,-50.0,-28.8,-100.0,-115.4,-94.5,,21.0,52.7,-31.3,,113.8,83.4,143.4,,88.2,79.9,89.2,,-6.9,-6.9,-6.9,,-36.0,-42.0,-37.5,,-90.3,-91.3,-84.3,,-2.4,-2.4,-2.3,,-19.3,-19.3,-19.3,,-33.3,-33.3,-33.4,,0.0,0.0,0.0,,-34.8,-20.7,-17.7,
A464500,아이언디바이스,2024-09-23,7000.0,10900.0,3820.0,3720.0,3450.0,,55.7,-45.4,-46.9,-50.7,,-65.0,-65.9,-68.3,,2026-06-30,1935.0,-72.4,-82.2,-431.3,-440.5,-440.7,,-17.2,-25.5,-23.0,,603.9,621.4,621.5,,-61.2,-65.2,-65.1,,-1.9,-1.9,-1.9,,-61.1,-61.2,-61.2,,-259.8,-264.8,-265.1,,-19.9,-19.9,-19.9,,-1.5,-1.5,-1.5,,-25.9,-25.9,-25.9,,0.0,0.0,0.0,,-155.5,-155.4,-157.8,
A381620,제닉스로보틱스,2024-09-30,13338.0,15339.0,9060.0,12470.0,8710.0,,15.0,-32.1,-6.5,-34.7,,-40.9,-18.7,-43.2,,2026-06-30,6470.0,-51.5,-57.8,-247.7,-229.4,-228.8,,-9.2,-35.9,-31.5,,259.7,485.8,474.5,,-44.5,-20.6,-20.7,,-1.9,-1.9,-1.9,,-40.7,-24.0,-23.4,,-131.5,-153.9,-153.8,,-3.1,-3.1,-3.1,,-1.6,-1.6,-1.6,,-24.4,-24.2,-24.2,,0.0,0.0,0.0,,-2.8,-220.5,-214.2,
A308430,셀비온,2024-10-16,15000.0,20650.0,18220.0,17130.0,34950.0,,37.7,21.5,14.2,133.0,,-11.8,-17.0,69.2,,2026-06-30,16770.0,11.8,-18.8,-306.2,-401.9,-442.7,,41.7,-41.5,17.5,,618.2,936.7,905.7,,-61.6,-66.3,-66.6,,15.4,-2.0,-2.3,,29.7,-5.5,-24.1,,-173.6,-200.2,-218.9,,-68.9,-68.9,-69.6,,12.7,0.8,0.7,,-59.9,-59.8,-61.9,,0.0,0.0,0.0,,-353.8,-493.4,-480.5,
A209640,와이제이링크,2024-10-18,6000.0,10900.0,3875.0,3365.0,6130.0,,81.7,-35.4,-43.9,2.2,,-64.4,-69.1,-43.8,,2026-06-30,4270.0,-28.8,-60.8,-494.8,-522.7,-564.3,,11.2,-38.7,-114.0,,496.7,572.8,687.4,,-45.8,-54.6,-56.6,,-1.9,-1.9,-1.9,,-54.6,-67.6,-67.6,,-197.6,-203.7,-206.1,,-1.5,-1.5,-1.5,,-0.9,-0.9,-0.9,,-192.5,-192.5,-229.6,,0.0,0.0,0.0,,-13.1,-11.3,-9.1,
A465480,인스피언,2024-10-18,12000.0,15820.0,8470.0,5890.0,6280.0,,31.8,-29.4,-50.9,-47.7,,-46.5,-62.8,-60.3,,2026-06-30,3685.0,-69.3,-76.7,-192.4,-208.8,-198.0,,-49.6,-54.5,-53.9,,251.7,272.5,261.6,,-33.3,-50.1,-35.4,,-1.1,-1.1,-1.1,,-28.0,-24.6,-24.6,,-120.2,-123.1,-127.0,,-0.7,-0.7,-0.7,,-0.6,-0.6,-0.6,,-8.5,-8.5,-8.5,,0.0,0.0,0.0,,-9.7,-9.2,-9.8,
A474170,루미르,2024-10-21,12000.0,14910.0,8990.0,9150.0,15000.0,,24.2,-25.1,-23.8,25.0,,-39.7,-38.6,0.6,,2026-06-30,7590.0,-36.8,-49.1,-370.4,-379.7,-362.4,,-74.5,-74.4,-70.3,,672.6,681.7,742.2,,-55.8,-55.2,-17.3,,-6.4,-6.4,-6.4,,-36.7,-42.9,-49.0,,-132.0,-135.8,-150.3,,-23.0,-23.0,-23.0,,-7.1,-7.1,-7.1,,-109.3,-109.3,-109.3,,0.0,0.0,0.0,,-227.8,-227.5,-309.5,
A457370,한켐,2024-10-22,18000.0,22800.0,9240.0,9290.0,9120.0,,26.7,-48.7,-48.4,-49.3,,-59.5,-59.3,-60.0,,2026-06-30,9650.0,-46.4,-57.7,-519.0,-515.5,-554.0,,17.4,21.5,11.7,,511.1,496.2,546.7,,-51.2,-46.9,-48.9,,-2.3,-2.3,-2.3,,-14.9,-7.2,-42.1,,-141.0,-149.5,-151.1,,-2.6,-2.8,-2.8,,-1.1,-1.1,-1.1,,-305.9,-305.9,-305.9,,0.0,0.0,0.0,,-9.5,-2.1,-4.4,
A475400,씨메스로보틱스,2024-10-24,30000.0,23100.0,26750.0,32400.0,31700.0,,-23.0,-10.8,8.0,5.7,,15.8,40.3,37.2,,2026-06-30,19690.0,-34.4,-14.8,-505.7,-551.6,-459.1,,-180.9,-234.3,-162.0,,897.1,996.2,892.5,,-58.9,-57.1,147.3,,-1.5,-4.8,-4.8,,-74.9,-63.6,-151.4,,-274.8,-286.1,-294.4,,-3.8,-1.9,-2.0,,100.9,73.1,104.5,,-192.7,-211.3,-258.3,,0.0,0.0,0.0,,-210.5,-210.3,-271.4,
A289930,웨이비스,2024-10-25,15000.0,10890.0,8770.0,8130.0,23800.0,,-27.4,-41.5,-45.8,58.7,,-19.5,-25.3,118.5,,2026-06-30,8550.0,-43.0,-21.5,-153.7,-172.5,-248.5,,23.4,18.5,257.0,,323.3,406.4,652.9,,-19.8,-34.7,-27.8,,-1.3,-1.3,-1.3,,-24.8,-26.3,-47.2,,-80.6,-80.0,-70.6,,-2.0,-2.0,-2.0,,-1.0,-1.0,-1.0,,-24.4,-27.4,-98.8,,0.0,0.0,0.0,,-193.0,-252.4,-661.4,
A466100,클로봇,2024-10-28,13000.0,10070.0,18260.0,38000.0,52900.0,,-22.5,40.5,192.3,306.9,,81.3,277.4,425.3,,2026-06-30,31350.0,141.2,211.3,-372.3,-433.4,949.6,,-192.8,-321.0,312.8,,1584.1,1809.0,135.6,,-71.3,-64.2,899.4,,-1.5,-3.1,-0.1,,-3.1,-3.3,369.6,,-151.5,-150.5,-171.0,,-92.7,-92.6,-96.5,,-0.5,11.1,114.5,,-51.7,-130.7,-166.3,,0.0,0.0,0.0,,-1019.0,-1054.6,-1398.0,
A458650,성우,2024-10-31,32000.0,28000.0,14720.0,11760.0,13800.0,,-12.5,-54.0,-63.3,-56.9,,-47.4,-58.0,-50.7,,2026-06-30,8680.0,-72.9,-69.0,-309.5,-340.3,-357.1,,-17.1,-21.7,-40.4,,349.8,382.4,418.8,,-66.3,-71.1,-73.3,,-2.2,-2.2,-2.2,,-42.6,-48.4,-45.0,,-175.3,-195.4,-213.5,,-0.4,-0.4,-0.4,,-0.9,-0.9,-0.9,,-21.9,-21.9,-21.9,,0.0,0.0,0.0,,-23.1,-20.3,-21.3,
A336680,탑런토탈솔루션,2024-11-01,9000.0,6870.0,4200.0,4305.0,3850.0,,-23.7,-53.3,-52.2,-57.2,,-38.9,-37.3,-44.0,,2026-06-30,2815.0,-68.7,-59.0,-226.1,-241.2,-242.9,,-30.7,-31.3,-36.1,,249.0,270.4,278.6,,-22.0,-20.2,-22.6,,-1.9,-1.9,-1.9,,-27.8,-37.8,-37.8,,-162.3,-169.1,-168.5,,-1.7,-1.7,-1.7,,-0.6,-0.6,-0.6,,-9.9,-9.9,-9.9,,0.0,0.0,0.0,,7.7,2.1,0.5,
A475580,에이럭스,2024-11-01,16000.0,9880.0,11160.0,10660.0,12530.0,,-38.2,-30.2,-33.4,-21.7,,13.0,7.9,26.8,,2026-06-30,7680.0,-52.0,-22.3,-315.4,-328.9,-351.4,,2.3,-41.2,-1.4,,506.4,565.3,582.4,,-82.6,-67.4,-73.5,,4.9,1.1,1.1,,-2.4,-17.6,-19.9,,-83.0,-80.3,-74.7,,0.1,0.1,0.1,,-0.3,-0.3,-0.3,,-152.1,-164.6,-184.3,,0.0,0.0,0.0,,-193.3,-195.1,-229.6,
A376270,HEM파마,2024-11-05,23000.0,16400.0,21150.0,28300.0,60000.0,,-28.7,-8.0,23.0,160.9,,29.0,72.6,265.9,,2026-06-30,45350.0,97.2,176.5,-115.8,-124.8,-122.2,,11.1,-0.8,-52.8,,159.3,218.5,556.4,,-33.0,-33.4,-55.2,,-0.6,-0.6,11.5,,-11.3,-10.4,32.2,,-51.4,-51.8,-39.7,,-0.6,-0.6,-0.6,,-0.2,-0.2,-0.0,,-18.7,-27.7,-70.5,,0.0,0.0,0.0,,-54.7,-93.0,-381.3,
A475960,토모큐브,2024-11-07,16000.0,10070.0,19460.0,38350.0,56800.0,,-37.1,21.6,139.7,255.0,,93.2,280.8,464.1,,2026-06-30,36400.0,127.5,261.5,-177.9,-400.6,-321.7,,32.8,-2.7,148.6,,348.6,749.2,830.2,,-35.1,-31.9,-54.1,,3.4,6.9,-2.3,,-40.2,-57.0,-36.6,,-51.8,-228.6,-166.3,,-1.8,-3.9,-3.8,,1.0,-6.2,21.1,,-53.4,-80.0,-79.6,,0.0,0.0,0.0,,-203.6,-345.9,-657.1,
A163280,에어레인,2024-11-08,11500.0,8795.0,9910.0,9095.0,5900.0,,-23.5,-13.8,-20.9,-48.7,,12.7,3.4,-32.9,,2026-06-30,3830.0,-66.7,-56.5,-338.7,-342.6,-357.1,,-16.4,12.6,28.3,,518.5,491.8,591.6,,-34.0,-35.7,-34.9,,-0.6,-0.8,-0.4,,-114.7,-124.8,-136.5,,-121.7,-113.9,-117.4,,-1.6,-1.6,-1.6,,0.5,-0.5,-0.4,,-66.6,-65.4,-65.9,,0.0,0.0,0.0,,-163.4,-161.8,-262.8,
A473980,노머스,2024-11-12,30200.0,19400.0,28100.0,21350.0,16090.0,,-35.8,-7.0,-29.3,-46.7,,44.8,10.1,-17.1,,2026-06-30,10300.0,-65.9,-46.9,147.6,209.1,191.8,,60.2,130.0,-54.9,,320.7,454.1,646.8,,-22.8,-36.5,-40.5,,29.1,11.3,10.0,,171.0,177.7,113.3,,147.9,226.9,279.5,,-140.0,-140.6,-140.6,,4.5,20.4,20.0,,-42.1,-50.1,-50.0,,0.0,0.0,0.0,,-528.5,-793.1,-783.7,
A464580,닷밀,2024-11-13,6500.0,4305.0,3365.0,2365.0,1931.0,,-33.8,-48.2,-63.6,-70.3,,-21.8,-45.1,-55.1,,2026-06-30,1479.0,-77.2,-65.6,-127.7,-143.4,-157.9,,7.5,-14.0,-13.6,,133.0,173.4,186.7,,-10.8,-17.0,-18.9,,-0.2,-0.2,-0.2,,-7.4,-10.0,-10.0,,-51.8,-50.3,-50.3,,-19.6,-19.6,-25.2,,-0.1,-0.1,-0.1,,-37.8,-46.3,-53.3,,0.0,0.0,0.0,,-12.8,-16.1,-15.3,
A394800,쓰리빌리언,2024-11-14,4500.0,4100.0,7070.0,10780.0,10660.0,,-8.9,57.1,139.6,136.9,,72.4,162.9,160.0,,2026-06-30,6050.0,34.4,47.6,-261.6,-59.7,-284.7,,62.3,162.0,278.3,,562.9,388.3,642.3,,-39.3,-26.6,-19.7,,3.6,68.1,-18.0,,10.4,114.0,-34.7,,-45.2,40.4,9.1,,-195.9,-195.9,-195.3,,35.4,87.0,164.4,,-30.7,-146.7,-190.5,,0.0,0.0,0.0,,-363.6,-490.6,-635.9,
A413390,엠오티,2024-11-18,10000.0,7800.0,7940.0,6870.0,8020.0,,-22.0,-20.6,-31.3,-19.8,,1.8,-11.9,2.8,,2026-06-30,6150.0,-38.5,-21.2,-165.6,-160.9,-168.8,,-12.2,-26.7,-28.1,,187.4,196.4,207.9,,-60.2,-59.2,-60.2,,-0.5,-0.5,-0.5,,-13.4,-10.7,-14.6,,-55.0,-54.1,-54.7,,-18.2,-18.2,-18.2,,-0.2,-0.2,-0.2,,-18.1,-18.1,-20.4,,0.0,0.0,0.0,,-9.6,-8.8,-11.0,
A475660,에스켐,2024-11-18,10000.0,7090.0,4925.0,6280.0,4680.0,,-29.1,-50.8,-37.2,-53.2,,-30.5,-11.4,-34.0,,2026-06-30,3595.0,-64.1,-49.3,-115.5,-116.6,-129.5,,-5.5,-0.1,1.4,,118.3,113.9,125.4,,-15.7,-21.8,-24.5,,-0.8,-0.7,-0.7,,-15.6,-18.6,-22.8,,-80.2,-73.6,-80.5,,-0.4,-0.4,-0.4,,-0.2,1.3,1.8,,-2.6,-2.8,-2.4,,0.0,0.0,0.0,,2.6,2.8,2.8,
A466410,사이냅소프트,2024-11-19,24500.0,18490.0,13200.0,11550.0,10530.0,,-24.5,-46.1,-52.9,-57.0,,-28.6,-37.5,-43.1,,2026-06-30,8160.0,-66.7,-55.9,-139.6,-182.8,-192.8,,11.5,-2.6,-12.6,,171.2,231.7,252.1,,-24.9,-24.5,-25.9,,-0.1,-0.3,-0.3,,-14.6,-29.5,-30.4,,-53.1,-47.3,-54.7,,-0.8,-0.8,-0.9,,0.7,0.0,0.0,,-46.8,-80.5,-80.5,,0.0,0.0,0.0,,-43.1,-46.2,-46.7,
A459100,위츠,2024-11-20,6400.0,14690.0,6400.0,7080.0,5620.0,,129.5,0.0,10.6,-12.2,,-56.4,-51.8,-61.7,,2026-06-30,4505.0,-29.6,-69.3,-133.7,-133.7,-134.1,,-28.5,-26.3,-24.8,,165.1,159.8,158.6,,-25.3,-25.2,-25.7,,-0.9,-0.9,-0.9,,-20.5,-20.5,-20.5,,-78.2,-78.2,-78.2,,-1.0,-1.0,-1.0,,-0.4,-0.4,-0.4,,-7.5,-7.5,-7.5,,0.0,0.0,0.0,,-2.9,0.1,0.2,
A457600,벡트,2024-12-16,3900.0,7730.0,3435.0,2970.0,2190.0,,98.2,-11.9,-23.8,-43.8,,-55.6,-61.6,-71.7,,2026-06-30,1827.0,-53.2,-76.4,-256.9,-258.5,-258.6,,-45.4,-43.7,-40.9,,309.1,309.8,307.0,,-37.0,-37.0,-37.0,,-0.8,-0.8,-0.8,,-34.6,-34.6,-34.6,,-165.8,-167.5,-167.5,,-1.7,-1.7,-1.7,,-0.7,-0.7,-0.7,,-16.2,-16.2,-16.2,,0.0,0.0,0.0,,-6.8,-7.5,-7.5,
A382150,온코크로스,2024-12-18,7300.0,8960.0,13070.0,10010.0,4580.0,,22.7,79.0,37.1,-37.3,,45.9,11.7,-48.9,,2026-06-30,3820.0,-47.7,-57.4,-192.7,-205.5,-220.1,,-63.8,-63.3,-73.1,,465.7,482.8,538.3,,-38.8,-48.5,-56.6,,-0.4,-0.4,-0.4,,-17.9,-19.4,-19.5,,-87.6,-82.8,-84.8,,0.0,0.0,0.0,,-0.1,-0.2,-0.2,,-48.0,-54.3,-58.6,,0.0,0.0,0.0,,-209.2,-214.0,-245.1,
A476060,온코닉테라퓨틱스,2024-12-19,3250.0,4325.0,5913.0,18920.0,15740.0,,33.1,81.9,482.2,384.3,,36.7,337.5,263.9,,2026-06-30,13450.0,313.8,211.0,-381.4,-714.4,-597.8,,-42.7,-236.9,-360.8,,528.5,1144.7,1332.8,,-35.7,-21.1,20.2,,2.9,-6.8,-4.4,,-45.3,-15.9,-45.9,,-105.8,-128.7,-86.7,,-139.3,-140.5,-140.5,,36.5,-61.0,-0.2,,-94.7,-340.4,-340.4,,0.0,0.0,0.0,,-104.4,-193.5,-374.2,
A177900,쓰리에이로직스,2024-12-24,11000.0,9130.0,7220.0,6380.0,4545.0,,-17.0,-34.4,-42.0,-58.7,,-20.9,-30.1,-50.2,,2026-06-30,4705.0,-57.2,-48.5,-295.0,-299.7,-301.8,,-32.0,-34.3,-36.4,,419.2,438.1,444.2,,-37.7,-40.1,-41.3,,-0.5,-0.5,-0.5,,-10.5,-5.7,-5.7,,-95.3,-95.7,-96.6,,-72.4,-72.4,-72.4,,-9.8,-10.7,-10.7,,-69.0,-74.6,-74.6,,0.0,0.0,0.0,,-92.2,-104.0,-106.1,
A387570,파인메딕스,2024-12-26,10000.0,16000.0,7510.0,7700.0,5100.0,,60.0,-24.9,-23.0,-49.0,,-53.1,-51.9,-68.1,,2026-06-30,5190.0,-48.1,-67.6,-153.2,-158.1,-160.6,,-4.5,-4.3,-12.2,,203.3,207.4,217.6,,-17.6,-17.3,-17.3,,-0.4,-0.4,-0.4,,-22.4,-20.9,-22.8,,-64.8,-71.5,-71.7,,-0.3,-0.3,-0.3,,-35.1,-35.1,-35.1,,-12.6,-12.6,-13.0,,0.0,0.0,0.0,,-45.6,-44.9,-44.8,
A475460,미트박스,2025-01-23,19000.0,14200.0,14780.0,8250.0,,,-25.3,-22.2,-56.6,,,4.1,-41.9,,,2026-06-30,6380.0,-66.4,-55.1,-118.5,-144.6,,,-39.3,-14.4,,,299.9,312.7,,,-19.9,-21.6,,,-0.6,-0.6,,,2.1,-11.1,,,-71.9,-73.6,,,-0.5,-0.5,,,-0.1,-0.1,,,-27.5,-37.0,,,0.0,0.0,,,-142.1,-153.8,,
A096250,와이즈넛,2025-01-24,17000.0,10800.0,14120.0,11850.0,,,-36.5,-16.9,-30.3,,,30.7,9.7,,,2026-06-30,8530.0,-49.8,-21.0,-103.4,-64.7,,,-94.4,-97.2,,,214.0,179.2,,,4.7,35.3,,,4.2,1.0,,,14.8,42.3,,,-20.8,-26.3,,,-0.0,-0.0,,,13.0,2.2,,,-119.2,-119.2,,,0.0,0.0,,,-16.2,-17.3,,
A373160,데이원컴퍼니,2025-01-24,13000.0,7800.0,6170.0,4570.0,,,-40.0,-52.5,-64.8,,,-20.9,-41.4,,,2026-06-30,3185.0,-75.5,-59.2,-60.5,-52.1,,,-3.1,-5.5,,,105.9,104.4,,,-24.8,-32.9,,,-0.4,-0.7,,,-15.7,-16.3,,,-8.9,8.5,,,-0.5,-0.5,,,0.0,0.0,,,-10.2,-10.2,,,0.0,0.0,,,-42.3,-46.8,,
A450950,아스테라시스,2025-01-24,4600.0,6640.0,10740.0,14010.0,,,44.3,133.5,204.6,,,61.7,111.0,,,2026-06-30,6940.0,50.9,4.5,-110.9,-125.4,,,55.5,-73.2,,,169.2,321.0,,,-41.3,-23.5,,,18.0,2.9,,,30.3,-66.5,,,-79.4,0.8,,,-1.7,-1.8,,,6.6,6.7,,,-43.4,-44.0,,,0.0,0.0,,,-113.9,-122.4,,
A482630,삼양엔씨켐,2025-02-03,9000.0,8980.0,8800.0,15325.0,,,-0.2,-2.2,70.3,,,-2.0,70.7,,,2026-06-30,17450.0,93.9,94.3,-411.2,-371.5,,,8.8,-35.5,,,495.7,491.8,,,-13.2,-2.5,,,-0.6,1.3,,,-10.5,-7.6,,,-101.9,-80.9,,,-25.4,-21.6,,,1.3,1.0,,,-260.9,-261.0,,,0.0,0.0,,,-93.3,-84.9,,
A452450,피아이이,2025-02-04,5000.0,4365.0,8290.0,6900.0,,,-12.7,65.8,38.0,,,89.9,58.1,,,2026-06-30,3635.0,-27.3,-16.7,-290.4,-292.8,,,-76.4,-80.3,,,425.2,436.7,,,-28.7,-29.6,,,-1.1,-1.1,,,-15.7,-14.6,,,-73.7,-76.4,,,-0.7,-0.7,,,-0.2,-0.2,,,-170.3,-170.3,,,0.0,0.0,,,-58.4,-63.6,,
A462980,아이지넷,2025-02-04,7000.0,4355.0,2505.0,1954.0,,,-37.8,-64.2,-72.1,,,-42.5,-55.1,,,2026-06-30,1346.0,-80.8,-69.1,-158.0,-177.9,,,6.7,6.5,,,197.6,228.5,,,-43.9,-53.3,,,-0.2,-0.2,,,-8.5,-7.6,,,-42.3,-42.9,,,-18.5,-27.1,,,-0.1,-0.1,,,-44.4,-46.6,,,0.0,0.0,,,-46.3,-57.1,,
A212710,아이에스티이,2025-02-12,11400.0,22500.0,10150.0,9520.0,,,97.4,-11.0,-16.5,,,-54.9,-57.7,,,2026-06-30,9040.0,-20.7,-59.8,-334.9,-353.8,,,26.2,-10.2,,,353.0,371.7,,,-37.3,-59.1,,,0.2,0.7,,,-1.3,0.0,,,-130.9,-134.1,,,-131.5,-131.5,,,3.5,7.7,,,-37.5,-37.5,,,0.0,0.0,,,-44.4,-7.8,,
A240550,동방메디컬,2025-02-13,10500.0,9680.0,11400.0,8170.0,,,-7.8,8.6,-22.2,,,17.8,-15.6,,,2026-06-30,5630.0,-46.4,-41.8,-259.6,-376.2,,,11.0,-8.9,,,537.0,669.5,,,-24.8,-2.1,,,13.4,4.3,,,90.0,-5.9,,,-284.6,-309.6,,,-1.6,-1.6,,,-37.4,-38.9,,,-14.7,-22.5,,,0.0,0.0,,,-288.3,-284.3,,
A475830,오름테라퓨틱,2025-02-14,20000.0,21800.0,25350.0,113600.0,,,9.0,26.8,468.0,,,16.3,421.1,,,2026-06-30,59200.0,196.0,171.6,-927.3,-1135.0,,,-149.5,331.7,,,1707.2,1938.6,,,-179.2,-376.2,,,-1.3,22.3,,,-76.5,-54.2,,,-88.7,-110.6,,,-237.8,-235.3,,,-8.0,100.0,,,-335.7,-481.0,,,0.0,0.0,,,-630.5,-1135.4,,
A303810,동국생명과학,2025-02-17,4500.0,6265.0,4425.0,3600.0,,,39.2,-1.7,-20.0,,,-29.4,-42.5,,,2026-06-30,2470.0,-45.1,-60.6,-431.6,-467.5,,,19.5,17.9,,,466.4,504.5,,,-14.2,-21.4,,,-0.5,-0.5,,,-28.1,-28.5,,,-377.3,-405.7,,,-0.1,-0.1,,,-0.3,-0.3,,,-11.0,-11.0,,,0.0,0.0,,,-54.2,-55.0,,
A463480,모티브링크,2025-02-20,6000.0,17610.0,8390.0,8500.0,,,193.5,39.8,41.7,,,-52.4,-51.7,,,2026-06-30,4635.0,-22.8,-73.7,-259.8,-259.6,,,-81.3,-54.7,,,355.3,352.2,,,-47.6,-47.1,,,-1.1,-1.1,,,-27.7,-27.7,,,-167.4,-167.8,,,-0.8,-0.8,,,-0.2,-0.2,,,-15.0,-15.0,,,0.0,0.0,,,-14.2,-37.8,,
A479960,위너스일렉,2025-02-24,8500.0,34000.0,12650.0,10830.0,,,300.0,48.8,27.4,,,-62.8,-68.1,,,2026-06-30,6400.0,-24.7,-81.2,-232.7,-235.0,,,-40.7,-34.3,,,288.0,283.8,,,-45.7,-48.0,,,-1.0,-1.0,,,-25.6,-25.6,,,-147.5,-147.5,,,-0.6,-0.6,,,-0.2,-0.2,,,-12.0,-12.0,,,0.0,0.0,,,-14.6,-14.5,,
A489500,엘케이켐,2025-02-25,21000.0,58800.0,16760.0,39300.0,,,180.0,-20.2,87.1,,,-71.5,-33.2,,,2026-06-30,22500.0,7.1,-61.7,-785.1,-802.2,,,16.0,26.7,,,779.6,818.7,,,-66.9,-66.5,,,-3.7,-3.7,,,-59.1,-53.3,,,-161.0,-175.2,,,-3.7,-3.7,,,-1.1,-1.1,,,-489.6,-498.8,,,0.0,0.0,,,-10.5,-43.2,,
A393970,대진첨단소재,2025-03-06,9000.0,12110.0,6470.0,2825.0,,,34.6,-28.1,-68.6,,,-46.6,-76.7,,,2026-06-30,2825.0,-68.6,-76.7,-619.5,-790.6,,,-25.4,-48.4,,,793.8,1036.9,,,-66.2,-65.5,,,-1.5,-1.5,,,-24.4,-18.3,,,-177.8,-182.9,,,-52.9,-52.9,,,-0.4,-0.4,,,-296.4,-469.3,,,0.0,0.0,,,-148.8,-197.9,,
A226590,엠디바이스,2025-03-07,8350.0,11100.0,10850.0,24400.0,,,32.9,29.9,192.2,,,-2.3,119.8,,,2026-06-30,13100.0,56.9,18.0,-118.8,-112.8,,,-18.4,51.6,,,245.9,103.5,,,-44.6,-78.4,,,-0.9,-1.0,,,3.0,-0.4,,,-64.6,-21.2,,,-0.8,-0.9,,,-4.3,-4.0,,,-6.7,-6.9,,,0.0,0.0,,,-108.7,-42.3,,
A098070,한텍,2025-03-20,10800.0,26400.0,44800.0,47900.0,,,144.4,314.8,343.5,,,69.7,81.4,,,2026-06-30,25650.0,137.5,-2.8,-384.4,-239.1,,,69.7,-30.3,,,334.3,307.9,,,-97.2,-120.8,,,17.4,18.7,,,-60.9,50.7,,,-249.0,-208.3,,,-4.0,-4.4,,,45.9,61.7,,,-36.4,-36.7,,,0.0,0.0,,,-19.7,-38.5,,
A484810,티엑스알로보틱스,2025-03-20,13500.0,20700.0,17940.0,16480.0,,,53.3,32.9,22.1,,,-13.3,-20.4,,,2026-06-30,9950.0,-26.3,-51.9,-455.0,-413.3,,,-40.3,-93.0,,,651.2,711.8,,,-35.5,-9.9,,,-2.5,-2.5,,,-59.1,-40.0,,,-245.5,-248.6,,,-75.0,-75.0,,,-0.8,-0.8,,,-36.6,-36.6,,,0.0,0.0,,,-156.0,-205.5,,
A444530,심플랫폼,2025-03-21,15000.0,14500.0,10820.0,7460.0,,,-3.3,-27.9,-50.3,,,-25.4,-48.6,,,2026-06-30,5280.0,-64.8,-63.6,-212.9,-219.4,,,-34.3,-25.2,,,407.2,404.5,,,-62.9,-64.0,,,-0.6,-0.6,,,-23.5,-21.4,,,-99.1,-103.7,,,-0.6,-0.6,,,-0.1,-0.1,,,-26.1,-28.9,,,0.0,0.0,,,-160.1,-160.0,,
A462860,더즌,2025-03-24,3003.0,2696.0,4800.0,3310.0,,,-10.2,59.8,10.2,,,78.0,22.8,,,2026-06-30,2080.0,-30.7,-22.8,-181.3,-185.4,,,-70.5,-72.4,,,383.2,377.8,,,-62.4,-62.3,,,-17.6,-17.1,,,8.3,1.5,,,-106.1,-105.7,,,-0.2,-0.2,,,-0.7,-0.7,,,-2.7,-0.9,,,0.0,0.0,,,-131.5,-120.0,,
A481070,에이유브랜즈,2025-04-03,16000.0,18050.0,20950.0,16000.0,,,12.8,30.9,0.0,,,16.1,-11.4,,,2026-06-30,13860.0,-13.4,-23.2,-86.5,22.5,,,-2.0,-79.6,,,120.4,96.2,,,-30.7,-19.2,,,15.8,12.0,,,9.0,62.7,,,-131.4,-44.2,,,-1.9,-1.9,,,104.7,64.0,,,-52.1,-50.9,,,0.0,0.0,,,-31.8,-39.1,,
A081180,쎄크,2025-04-28,15000.0,13680.0,9230.0,13370.0,,,-8.8,-38.5,-10.9,,,-32.5,-2.3,,,2026-06-30,5930.0,-60.5,-56.7,-325.1,-334.6,,,12.4,45.0,,,393.6,418.4,,,-46.5,-33.4,,,-0.9,0.2,,,-13.7,-24.2,,,-68.1,-80.1,,,-1.1,-1.1,,,-0.3,-1.0,,,-194.6,-194.9,,,0.0,0.0,,,-80.9,-128.8,,
A459510,나우로보틱스,2025-05-08,6800.0,15400.0,20500.0,31500.0,,,126.5,201.5,363.2,,,33.1,104.5,,,2026-06-30,15100.0,122.1,-1.9,-458.2,-311.6,,,-76.7,-50.5,,,853.3,657.0,,,-219.7,-142.9,,,-2.6,-2.6,,,8.1,75.1,,,-120.9,-117.8,,,-2.2,-2.2,,,-0.7,-0.8,,,-120.2,-120.2,,,0.0,0.0,,,-318.4,-294.9,,
A136150,원일티엔아이,2025-05-09,13500.0,35900.0,21350.0,16890.0,,,165.9,58.1,25.1,,,-40.5,-53.0,,,2026-06-30,10820.0,-19.9,-69.9,-399.0,-399.5,,,-50.2,-43.3,,,470.1,461.3,,,-26.9,-25.7,,,-35.0,-35.0,,,-38.5,-40.5,,,-100.7,-100.3,,,-127.8,-127.8,,,-0.1,-0.1,,,-70.0,-70.1,,,0.0,0.0,,,-20.9,-18.6,,
A476040,오가노이드사이언스,2025-05-09,21000.0,32000.0,32250.0,18690.0,,,52.4,53.6,-11.0,,,0.8,-41.6,,,2026-06-30,9650.0,-54.0,-69.8,-468.0,-537.2,,,-68.2,-59.8,,,811.0,912.1,,,-44.4,-49.9,,,-0.7,-0.8,,,8.7,-3.0,,,-123.0,-123.1,,,-110.4,-110.4,,,32.7,27.2,,,-231.0,-277.2,,,0.0,0.0,,,-274.8,-315.1,,
A376900,로킷헬스케어,2025-05-12,11000.0,14750.0,35550.0,70500.0,,,34.1,223.2,540.9,,,141.0,378.0,,,2026-06-30,45000.0,309.1,205.1,-599.5,-1287.2,,,-24.4,0.8,,,851.9,1575.9,,,-99.1,-438.6,,,2.4,-1.9,,,18.1,-199.5,,,-46.4,-171.3,,,-41.5,-45.1,,,-0.8,1.4,,,-432.1,-432.3,,,0.0,0.0,,,-228.1,-289.5,,
A424870,이뮨온시아,2025-05-19,3464.0,7216.0,6677.0,5430.0,,,108.3,92.8,56.8,,,-7.5,-24.8,,,2026-06-30,3580.0,3.3,-50.4,-714.8,-691.3,,,-59.3,-183.8,,,917.8,1007.0,,,-41.9,-57.0,,,-1.2,-1.2,,,-102.6,-32.8,,,-180.9,-197.1,,,-0.5,-0.4,,,8.4,-4.3,,,-396.0,-398.4,,,0.0,0.0,,,-143.8,-131.9,,
A489460,바이오비쥬,2025-05-20,9100.0,18380.0,12320.0,6380.0,,,102.0,35.4,-29.9,,,-33.0,-65.3,,,2026-06-30,6130.0,-32.6,-66.6,-355.2,-341.3,,,3.9,4.4,,,661.3,662.7,,,-73.6,-74.1,,,-6.4,-6.4,,,-69.8,-54.1,,,-167.5,-168.7,,,-6.2,-6.2,,,-2.3,-2.3,,,-29.3,-29.5,,,0.0,0.0,,,-309.9,-325.8,,
A287840,인투셀,2025-05-23,17000.0,33200.0,54000.0,31550.0,,,95.3,217.6,85.6,,,62.7,-5.0,,,2026-06-30,23800.0,40.0,-28.3,-201.7,-658.0,,,-209.1,70.9,,,1663.6,1803.4,,,-46.7,27.7,,,25.2,-8.1,,,61.3,-174.8,,,-90.8,-214.0,,,-0.3,-0.5,,,22.0,-107.7,,,-172.3,-180.7,,,0.0,0.0,,,-1252.9,-1216.3,,
A475430,키스트론,2025-06-02,3600.0,9660.0,4380.0,4715.0,,,168.3,21.7,31.0,,,-54.7,-51.2,,,2026-06-30,6660.0,85.0,-31.1,-321.1,-322.6,,,-46.7,-50.3,,,381.4,341.6,,,-52.3,-52.7,,,-3.7,-3.7,,,-53.1,-52.1,,,-177.9,-180.0,,,-4.1,-4.1,,,-1.1,-1.1,,,-28.8,-28.9,,,0.0,0.0,,,-13.6,31.3,,
A474650,링크솔루션,2025-06-10,23000.0,26250.0,50000.0,37750.0,,,14.1,117.4,64.1,,,90.5,43.8,,,2026-06-30,30700.0,33.5,17.0,-349.5,-566.6,,,47.0,102.1,,,562.3,725.2,,,-41.5,-81.5,,,6.5,-13.5,,,35.8,-26.4,,,-99.2,-144.0,,,-1.4,-1.4,,,26.5,-5.9,,,-276.3,-293.8,,,0.0,0.0,,,-259.8,-260.8,,
A340450,지씨지놈,2025-06-11,10500.0,11100.0,7890.0,5200.0,,,5.7,-24.9,-50.5,,,-28.9,-53.2,,,2026-06-30,4915.0,-53.2,-55.7,-422.7,-570.5,,,-69.6,-47.1,,,488.5,601.4,,,-44.2,-40.9,,,-2.0,-2.0,,,-53.2,-44.2,,,-302.8,-465.8,,,-2.8,-2.8,,,-0.6,2.4,,,-17.1,-17.2,,,0.0,0.0,,,3.7,16.2,,
A463020,뉴엔AI,2025-07-04,15000.0,38400.0,17400.0,,,,156.0,16.0,,,,-54.7,,,,2026-06-30,7630.0,-49.1,-80.1,-521.4,,,,-61.7,,,,600.5,,,,-49.2,,,,-3.0,,,,-43.9,,,,-399.9,,,,-2.8,,,,-0.3,,,,-22.2,,,,0.0,,,,-17.4,,,
A234030,싸이닉솔루션,2025-07-07,4700.0,7960.0,9640.0,,,,69.4,105.1,,,,21.1,,,,2026-06-30,3585.0,-23.7,-55.0,-609.1,,,,-55.4,,,,814.9,,,,-100.3,,,,-2.2,,,,-38.6,,,,-204.7,,,,-2.7,,,,-0.6,,,,-259.9,,,,0.0,,,,-150.4,,,
A331740,아우토크립트,2025-07-15,22000.0,30850.0,17740.0,,,,40.2,-19.4,,,,-42.5,,,,2026-06-30,8390.0,-61.9,-72.8,-525.0,,,,-15.2,,,,710.0,,,,-64.2,,,,0.2,,,,-47.7,,,,-288.5,,,,-63.0,,,,38.8,,,,-100.7,,,,0.0,,,,-169.8,,,
A484120,도우인시스,2025-07-23,32000.0,44350.0,24000.0,,,,38.6,-25.0,,,,-45.9,,,,2026-06-30,15280.0,-52.2,-65.5,-419.1,,,,-14.3,,,,438.6,,,,-82.5,,,,1.5,,,,-72.4,,,,-239.5,,,,-1.6,,,,2.6,,,,-27.3,,,,0.0,,,,-5.2,,,
A380550,뉴로핏,2025-07-25,14000.0,20300.0,23000.0,,,,45.0,64.3,,,,13.3,,,,2026-06-30,10980.0,-21.6,-45.9,-387.4,,,,-114.3,,,,1095.0,,,,-48.9,,,,-2.8,,,,137.9,,,,-217.2,,,,-49.2,,,,25.8,,,,-233.0,,,,0.0,,,,-593.4,,,
A475230,엔알비,2025-07-28,21000.0,16660.0,18380.0,,,,-20.7,-12.5,,,,10.3,,,,2026-06-30,8320.0,-60.4,-50.1,-240.5,,,,13.1,,,,376.8,,,,-32.4,,,,-1.4,,,,31.4,,,,-130.7,,,,-0.9,,,,-0.1,,,,-106.4,,,,0.0,,,,-149.4,,,
A468530,프로티나,2025-07-29,14000.0,17550.0,82000.0,,,,25.4,485.7,,,,367.2,,,,2026-06-30,28250.0,101.8,61.0,-629.5,,,,-251.1,,,,1859.6,,,,53.8,,,,9.7,,,,27.2,,,,-161.8,,,,-194.8,,,,200.5,,,,-564.2,,,,0.0,,,,-979.1,,,
A309710,아이티켐,2025-08-07,16100.0,31050.0,32300.0,,,,92.9,100.6,,,,4.0,,,,2026-06-30,21000.0,30.4,-32.4,-513.4,,,,153.3,,,,513.9,,,,-75.4,,,,-8.1,,,,-22.6,,,,-381.7,,,,0.6,,,,2.5,,,,-28.6,,,,0.0,,,,-153.8,,,
A456160,지투지바이오,2025-08-14,19344.0,31284.0,89200.0,,,,61.7,361.1,,,,185.1,,,,2026-06-30,41450.0,114.3,32.5,-847.6,,,,55.1,,,,2354.9,,,,-233.1,,,,93.9,,,,587.9,,,,-450.5,,,,-238.1,,,,335.7,,,,-943.3,,,,0.0,,,,-1562.4,,,
A484590,삼양컴텍,2025-08-18,7700.0,16640.0,11930.0,,,,116.1,54.9,,,,-28.3,,,,2026-06-30,6980.0,-9.4,-58.1,-722.1,,,,-163.7,,,,900.6,,,,-127.7,,,,-14.3,,,,-85.0,,,,-450.7,,,,-5.4,,,,11.4,,,,-50.4,,,,0.0,,,,-14.8,,,
A0008Z0,에스엔시스,2025-08-19,30000.0,45000.0,32500.0,,,,50.0,8.3,,,,-27.8,,,,2026-06-30,23650.0,-21.2,-47.4,-352.1,,,,-134.8,,,,443.9,,,,-61.1,,,,-4.8,,,,-16.4,,,,-229.5,,,,-6.0,,,,0.2,,,,-34.6,,,,0.0,,,,42.9,,,
A125490,한라캐스트,2025-08-20,5800.0,5920.0,18300.0,,,,2.1,215.5,,,,209.1,,,,2026-06-30,9100.0,56.9,53.7,-771.7,,,,-178.0,,,,1394.2,,,,-33.6,,,,10.9,,,,-64.8,,,,-304.8,,,,-3.9,,,,-7.5,,,,-367.9,,,,0.0,,,,-444.6,,,
A0010V0,제이피아이헬스케어,2025-08-21,20000.0,21700.0,14650.0,,,,8.5,-26.7,,,,-32.5,,,,2026-06-30,7330.0,-63.4,-66.2,-304.7,,,,12.4,,,,307.4,,,,-61.9,,,,-1.4,,,,-39.5,,,,-175.3,,,,-1.3,,,,-0.3,,,,-25.1,,,,0.0,,,,-15.1,,,
A318060,그래피,2025-08-25,15000.0,11260.0,51300.0,,,,-24.9,242.0,,,,355.6,,,,2026-06-30,16990.0,13.3,50.9,-643.2,,,,-170.0,,,,1022.0,,,,-102.5,,,,-0.1,,,,39.6,,,,-48.9,,,,-21.5,,,,51.4,,,,-561.1,,,,0.0,,,,-208.8,,,
A488280,에스투더블유,2025-09-19,13200.0,23950.0,15700.0,,,,81.4,18.9,,,,-34.4,,,,2026-06-30,11560.0,-12.4,-51.7,-430.3,,,,81.1,,,,623.9,,,,-18.9,,,,2.4,,,,-18.6,,,,-64.5,,,,-54.4,,,,75.9,,,,-352.2,,,,0.0,,,,-274.6,,,
A486990,노타,2025-11-03,9100.0,31000.0,34700.0,,,,240.7,281.3,,,,11.9,,,,2026-06-30,20700.0,127.5,-33.2,-612.0,,,,-227.3,,,,2249.5,,,,-133.0,,,,4.1,,,,-35.9,,,,-523.4,,,,-0.3,,,,96.5,,,,-20.0,,,,0.0,,,,-1410.2,,,
A469610,이노테크,2025-11-07,14700.0,58800.0,23050.0,,,,300.0,56.8,,,,-60.8,,,,2026-06-30,14770.0,0.5,-74.9,-781.4,,,,-65.4,,,,1266.3,,,,-196.4,,,,-2.7,,,,-24.7,,,,-134.0,,,,-2.7,,,,-170.3,,,,-250.6,,,,0.0,,,,-419.4,,,
A494120,큐리오시스,2025-11-13,22000.0,88000.0,49400.0,,,,300.0,124.5,,,,-43.9,,,,2026-06-30,26050.0,18.4,-70.4,-732.0,,,,174.6,,,,1241.8,,,,-323.0,,,,16.3,,,,122.6,,,,-154.8,,,,-71.2,,,,205.2,,,,-527.2,,,,0.0,,,,-684.3,,,
A061090,세나테크놀로지,2025-11-14,56800.0,80200.0,49600.0,,,,41.2,-12.7,,,,-38.2,,,,2026-06-30,31150.0,-45.2,-61.2,-270.0,,,,-122.6,,,,423.0,,,,34.1,,,,-2.9,,,,-38.1,,,,-85.2,,,,-2.6,,,,-0.2,,,,-175.0,,,,0.0,,,,-30.4,,,
A0015G0,그린광학,2025-11-17,16000.0,22850.0,27350.0,,,,42.8,70.9,,,,19.7,,,,2026-06-30,16980.0,6.1,-25.7,-616.2,,,,101.6,,,,996.2,,,,-119.5,,,,-1.4,,,,-58.3,,,,-295.7,,,,-2.6,,,,4.1,,,,-142.7,,,,0.0,,,,-481.7,,,
A403850,더핑크퐁컴퍼니,2025-11-18,38000.0,41550.0,13530.0,,,,9.3,-64.4,,,,-67.4,,,,2026-06-30,10780.0,-71.6,-74.1,-308.4,,,,-143.0,,,,1349.4,,,,-46.8,,,,0.1,,,,87.7,,,,-119.8,,,,-0.9,,,,6.5,,,,-235.3,,,,0.0,,,,-898.0,,,
A388210,씨엠티엑스,2025-11-20,60500.0,131600.0,110600.0,,,,117.5,82.8,,,,-16.0,,,,2026-06-30,93300.0,54.2,-29.1,-110.6,,,,716.3,,,,960.5,,,,-70.0,,,,28.0,,,,203.0,,,,165.0,,,,-0.7,,,,-203.4,,,,-232.6,,,,0.0,,,,-1566.2,,,
A488900,비츠로넥스텍,2025-11-21,6900.0,12810.0,15370.0,,,,85.7,122.8,,,,20.0,,,,2026-06-30,8700.0,26.1,-32.1,-309.2,,,,-62.1,,,,393.0,,,,-48.2,,,,-2.5,,,,-58.9,,,,-181.7,,,,-1.2,,,,-0.1,,,,-16.7,,,,0.0,,,,-21.6,,,
A0015N0,아로마티카,2025-11-27,8000.0,19920.0,6660.0,,,,149.0,-16.8,,,,-66.6,,,,2026-06-30,5230.0,-34.6,-73.7,-339.0,,,,-16.3,,,,556.1,,,,-42.6,,,,-3.2,,,,-67.8,,,,-173.1,,,,-3.5,,,,0.1,,,,-48.9,,,,0.0,,,,-200.7,,,
A0009K0,에임드바이오,2025-12-04,11000.0,44000.0,27700.0,,,,300.0,151.8,,,,-37.0,,,,2026-06-30,25100.0,128.2,-43.0,-366.8,,,,84.9,,,,2871.8,,,,114.3,,,,-18.8,,,,808.9,,,,-1215.9,,,,-6.0,,,,190.3,,,,-239.8,,,,0.0,,,,-2589.9,,,
A950250,테라뷰,2025-12-09,8000.0,16000.0,3105.0,,,,100.0,-61.2,,,,-80.6,,,,2026-06-30,2695.0,-66.3,-83.2,-267.5,,,,-1522.4,,,,1859.9,,,,-17.5,,,,-8.2,,,,-22.9,,,,-126.4,,,,-0.9,,,,0.1,,,,-91.7,,,,0.0,,,,-70.0,,,
A0015S0,페스카로,2025-12-10,15500.0,27100.0,9190.0,,,,74.8,-40.7,,,,-66.1,,,,2026-06-30,7700.0,-50.3,-71.6,-618.5,,,,-20.5,,,,1134.5,,,,-61.6,,,,-2.2,,,,-203.7,,,,-100.6,,,,-24.1,,,,-0.1,,,,-226.2,,,,0.0,,,,-495.5,,,
A261520,이지스,2025-12-11,15000.0,20500.0,4540.0,,,,36.7,-69.7,,,,-77.9,,,,2026-06-30,4325.0,-71.2,-78.9,-180.1,,,,-3.5,,,,372.7,,,,-41.7,,,,-0.7,,,,-22.6,,,,-97.9,,,,-1.1,,,,-0.1,,,,-16.1,,,,0.0,,,,-189.1,,,
A464490,쿼드메디슨,2025-12-12,15000.0,17630.0,7800.0,,,,17.5,-48.0,,,,-55.8,,,,2026-06-30,5990.0,-60.1,-66.0,-243.7,,,,4.2,,,,563.7,,,,-59.9,,,,-1.2,,,,-16.5,,,,-104.8,,,,-25.6,,,,-0.3,,,,-35.4,,,,0.0,,,,-324.2,,,
A0007C0,아크릴,2025-12-16,19500.0,67000.0,22400.0,,,,243.6,14.9,,,,-66.6,,,,2026-06-30,16900.0,-13.3,-74.8,-377.5,,,,-20.3,,,,878.1,,,,-31.5,,,,-9.1,,,,-15.1,,,,-206.1,,,,-32.6,,,,-1.5,,,,-81.6,,,,0.0,,,,-480.3,,,
A478340,나라스페이스테크놀로지,2025-12-17,16500.0,27150.0,21200.0,,,,64.5,28.5,,,,-21.9,,,,2026-06-30,13950.0,-15.5,-48.6,-644.2,,,,-56.8,,,,1301.2,,,,-123.2,,,,-1.8,,,,-40.4,,,,-147.8,,,,-3.6,,,,-63.8,,,,-263.7,,,,0.0,,,,-600.3,,,
A476830,알지노믹스,2025-12-18,11250.0,45000.0,45150.0,,,,300.0,301.3,,,,0.3,,,,2026-06-30,41000.0,264.4,-8.9,-528.3,,,,1404.7,,,,4362.4,,,,-202.9,,,,58.2,,,,765.6,,,,-407.4,,,,-5.7,,,,790.3,,,,-1526.3,,,,0.0,,,,-5238.9,,,
A0013V0,삼진식품,2025-12-22,7600.0,19210.0,5310.0,,,,152.8,-30.1,,,,-72.4,,,,2026-06-30,5150.0,-32.2,-73.2,-145.4,,,,-17.6,,,,501.0,,,,-30.8,,,,-1.6,,,,-25.1,,,,-71.3,,,,-2.6,,,,-0.4,,,,-13.6,,,,0.0,,,,-338.1,,,
A491000,리브스메드,2025-12-24,55000.0,49600.0,36800.0,,,,-9.8,-33.1,,,,-25.8,,,,2026-06-30,35650.0,-35.2,-28.1,-716.9,,,,581.2,,,,917.3,,,,159.8,,,,1.3,,,,90.6,,,,-220.3,,,,-7.1,,,,34.8,,,,-775.9,,,,0.0,,,,-781.6,,,
A490470,세미파이브,2025-12-29,24000.0,27650.0,21600.0,,,,15.2,-10.0,,,,-21.9,,,,2026-06-30,21500.0,-10.4,-22.2,-654.7,,,,-2.4,,,,1716.1,,,,-206.8,,,,-2.4,,,,42.0,,,,-240.1,,,,-2.4,,,,73.9,,,,-318.9,,,,0.0,,,,-1059.0,,,
A0001A0,덕양에너젠,2026-01-30,10000.0,34850.0,,,,,248.5,,,,,,,,,2026-06-30,8700.0,-13.0,-75.0,,,,,,,,,,,,,,,,,,,,,,,,,,,,,,,,,,,,,,,,,,,,,,,,
A458350,에스팀,2026-03-06,8500.0,34000.0,,,,,300.0,,,,,,,,,2026-06-30,3985.0,-53.1,-88.3,,,,,,,,,,,,,,,,,,,,,,,,,,,,,,,,,,,,,,,,,,,,,,,,
A0011A0,액스비스,2026-03-09,11500.0,46000.0,,,,,300.0,,,,,,,,,2026-06-30,10720.0,-6.8,-76.7,,,,,,,,,,,,,,,,,,,,,,,,,,,,,,,,,,,,,,,,,,,,,,,,
A0082N0,카나프테라퓨틱스,2026-03-16,20000.0,50600.0,,,,,153.0,,,,,,,,,2026-06-30,15020.0,-24.9,-70.3,,,,,,,,,,,,,,,,,,,,,,,,,,,,,,,,,,,,,,,,,,,,,,,,
A493280,아이엠바이오로직스,2026-03-20,26000.0,104000.0,,,,,300.0,,,,,,,,,2026-06-30,22200.0,-14.6,-78.7,,,,,,,,,,,,,,,,,,,,,,,,,,,,,,,,,,,,,,,,,,,,,,,,
A408470,한패스,2026-03-25,19000.0,27200.0,,,,,43.2,,,,,,,,,2026-06-30,5860.0,-69.2,-78.5,,,,,,,,,,,,,,,,,,,,,,,,,,,,,,,,,,,,,,,,,,,,,,,,
A0088M0,메쥬,2026-03-26,21600.0,39000.0,,,,,80.6,,,,,,,,,2026-06-30,14320.0,-33.7,-63.3,,,,,,,,,,,,,,,,,,,,,,,,,,,,,,,,,,,,,,,,,,,,,,,,
A394420,리센스메디컬,2026-03-31,11000.0,18450.0,,,,,67.7,,,,,,,,,2026-06-30,16220.0,47.5,-12.1,,,,,,,,,,,,,,,,,,,,,,,,,,,,,,,,,,,,,,,,,,,,,,,,
A0007J0,인벤테라,2026-04-02,16600.0,35250.0,,,,,112.3,,,,,,,,,2026-06-30,8840.0,-46.7,-74.9,,,,,,,,,,,,,,,,,,,,,,,,,,,,,,,,,,,,,,,,,,,,,,,,
A0011T0,채비,2026-04-29,12300.0,22550.0,,,,,83.3,,,,,,,,,2026-06-30,6690.0,-45.6,-70.3,,,,,,,,,,,,,,,,,,,,,,,,,,,,,,,,,,,,,,,,,,,,,,,,
A439960,코스모로보틱스,2026-05-11,6000.0,24000.0,,,,,300.0,,,,,,,,,2026-06-30,15030.0,150.5,-37.4,,,,,,,,,,,,,,,,,,,,,,,,,,,,,,,,,,,,,,,,,,,,,,,,
A487580,폴레드,2026-05-14,5000.0,20000.0,,,,,300.0,,,,,,,,,2026-06-30,3580.0,-28.4,-82.1,,,,,,,,,,,,,,,,,,,,,,,,,,,,,,,,,,,,,,,,,,,,,,,,
A477850,마키나락스,2026-05-20,15000.0,60000.0,,,,,300.0,,,,,,,,,2026-06-30,16740.0,11.6,-72.1,,,,,,,,,,,,,,,,,,,,,,,,,,,,,,,,,,,,,,,,,,,,,,,,
A0117P0,피스피스스튜디오,2026-06-08,21500.0,13730.0,,,,,-36.1,,,,,,,,,2026-06-30,5560.0,-74.1,-59.5,,,,,,,,,,,,,,,,,,,,,,,,,,,,,,,,,,,,,,,,,,,,,,,,
A153890,져스텍,2026-06-29,12500.0,17530.0,,,,,40.2,,,,,,,,,2026-06-30,16640.0,33.1,-5.1,,,,,,,,,,,,,,,,,,,,,,,,,,,,,,,,,,,,,,,,,,,,,,,,
A475040,스트라드비젼,2026-06-30,12000.0,7200.0,,,,,-40.0,,,,,,,,,2026-06-30,7200.0,-40.0,0.0,,,,,,,,,,,,,,,,,,,,,,,,,,,,,,,,,,,,,,,,,,,,,,,,
A0039P0,매드업,2026-07-01,8000.0,10080.0,,,,,26.0,,,,,,,,,2026-07-01,10080.0,26.0,0.0,,,,,,,,,,,,,,,,,,,,,,,,,,,,,,,,,,,,,,,,,,,,,,,,
